CourseNumber,Section,StartTimeID,EndTimeID,DayID,QuarterID,Year,Status
ACCT 250,HY  ,47,53,1,3,-1,-1
ACCT 250,HY  ,47,53,3,3,-1,-1
ACCT& 201,HY1 ,54,67,2,3,-1,-1
ACCT& 201,HY1 ,54,67,4,3,-1,-1
ACCT& 201,HY2 ,68,81,2,3,-1,-1
ACCT& 201,HY2 ,68,81,4,3,-1,-1
ACCT& 202,HY1 ,54,67,1,3,-1,-1
ACCT& 202,HY1 ,54,67,3,3,-1,-1
ACCT& 202,HY2 ,47,60,1,3,-1,-1
ACCT& 202,HY2 ,47,60,3,3,-1,-1
ACCT& 203,HY1 ,68,81,1,3,-1,-1
ACCT& 203,HY1 ,68,81,3,3,-1,-1
ACCT& 203,MO  ,77,90,1,3,-1,-1
ACCT& 203,MO  ,77,90,3,3,-1,-1
AEP 067,A   ,61,69,1,3,-1,-1
AEP 067,A   ,61,69,3,3,-1,-1
AEP 067,B   ,61,69,2,3,-1,-1
AEP 067,B   ,61,69,4,3,-1,-1
AEP 077,B   ,54,59,1,3,-1,-1
AEP 077,B   ,54,59,2,3,-1,-1
AEP 077,B   ,54,59,3,3,-1,-1
AEP 077,B   ,54,59,4,3,-1,-1
AEP 097,B   ,75,81,1,3,-1,-1
AEP 097,B   ,75,81,2,3,-1,-1
AEP 097,B   ,75,81,3,3,-1,-1
AEP 097,B   ,75,81,4,3,-1,-1
AEP 098,A   ,61,67,1,3,-1,-1
AEP 098,A   ,61,67,2,3,-1,-1
AEP 098,A   ,61,67,3,3,-1,-1
AEP 098,A   ,61,67,4,3,-1,-1
AEP 098,B   ,75,81,1,3,-1,-1
AEP 098,B   ,75,81,2,3,-1,-1
AEP 098,B   ,75,81,3,3,-1,-1
AEP 098,B   ,75,81,4,3,-1,-1
ANTH 116D,HY  ,64,74,2,3,-1,-1
ANTH 116D,HY  ,64,74,4,3,-1,-1
ANTH& 115,HY  ,64,74,1,3,-1,-1
ANTH& 115,HY  ,64,74,3,3,-1,-1
ART 110,B   ,61,72,1,3,-1,-1
ART 110,B   ,61,72,3,3,-1,-1
ART 110,B   ,61,72,5,3,-1,-1
ART 111,A   ,82,99,2,3,-1,-1
ART 111,A   ,82,99,4,3,-1,-1
ART 115,S   ,110,127,2,3,-1,-1
ART 115,S   ,110,127,4,3,-1,-1
ART 124D,MO  ,91,104,2,3,-1,-1
ART 124D,MO  ,91,104,4,3,-1,-1
ART 200,A   ,82,100,2,3,-1,-1
ART 200,A   ,82,100,4,3,-1,-1
ART 201,A   ,82,100,2,3,-1,-1
ART 201,A   ,82,100,4,3,-1,-1
ART 230,CA  ,109,133,4,3,-1,-1
ART 231,CA  ,109,133,3,3,-1,-1
ART 270,S   ,110,127,2,3,-1,-1
ART 270,S   ,110,127,4,3,-1,-1
ART 271,S   ,110,127,2,3,-1,-1
ART 271,S   ,110,127,4,3,-1,-1
ART 272,S   ,110,127,2,3,-1,-1
ART 272,S   ,110,127,4,3,-1,-1
ART 294,A   ,75,92,1,3,-1,-1
ART 294,A   ,75,92,3,3,-1,-1
ART 295,HY2 ,82,93,1,3,-1,-1
ART 295,HY2 ,82,93,3,3,-1,-1
ASL& 122,A   ,82,88,1,3,-1,-1
ASL& 122,A   ,82,88,2,3,-1,-1
ASL& 122,A   ,82,88,3,3,-1,-1
ASL& 122,A   ,82,88,4,3,-1,-1
ASL& 123,A   ,75,81,1,3,-1,-1
ASL& 123,A   ,75,81,2,3,-1,-1
ASL& 123,A   ,75,81,3,3,-1,-1
ASL& 123,A   ,75,81,4,3,-1,-1
ASL& 123,S   ,103,116,2,3,-1,-1
ASL& 123,S   ,103,116,4,3,-1,-1
ASL& 223,CE  ,103,116,1,3,-1,-1
ASL& 223,CE  ,103,116,3,3,-1,-1
BIOL 107,A   ,61,72,1,3,-1,-1
BIOL 107,A   ,61,72,3,3,-1,-1
BIOL 107,A   ,61,72,5,3,-1,-1
BIOL& 100,B   ,91,102,1,3,-1,-1
BIOL& 100,B   ,91,102,2,3,-1,-1
BIOL& 100,B   ,91,102,4,3,-1,-1
BIOL& 211,LC1 ,67,72,1,3,-1,-1
BIOL& 211,LC1 ,67,72,2,3,-1,-1
BIOL& 211,LC1 ,67,72,3,3,-1,-1
BIOL& 211,LC1 ,67,72,4,3,-1,-1
BIOL& 211,LC2 ,67,72,1,3,-1,-1
BIOL& 211,LC2 ,67,72,2,3,-1,-1
BIOL& 211,LC2 ,67,72,3,3,-1,-1
BIOL& 211,LC2 ,67,72,4,3,-1,-1
BIOL& 211P,PS1 ,55,60,1,3,-1,-1
BIOL& 211P,PS2 ,67,72,1,3,-1,-1
BIOL& 222,B   ,55,60,1,3,-1,-1
BIOL& 222,B   ,55,60,4,3,-1,-1
BIOL& 223,A   ,61,66,1,3,-1,-1
BIOL& 223,A   ,61,66,5,3,-1,-1
BIOL& 223P,PS1 ,67,72,1,3,-1,-1
BIOL& 231,B   ,49,60,1,3,-1,-1
BIOL& 231,B   ,49,60,3,3,-1,-1
BIOL& 231,C   ,61,72,2,3,-1,-1
BIOL& 231,C   ,61,72,4,3,-1,-1
BIOL& 232,A   ,49,59,2,3,-1,-1
BIOL& 232,A   ,49,59,3,3,-1,-1
BIOL& 232,A   ,49,59,4,3,-1,-1
BIOL& 232,B   ,61,72,2,3,-1,-1
BIOL& 232,B   ,61,72,4,3,-1,-1
BIOL& 232,C   ,61,72,2,3,-1,-1
BIOL& 232,C   ,61,72,4,3,-1,-1
BIOL& 232,D   ,75,89,1,3,-1,-1
BIOL& 232,D   ,75,89,2,3,-1,-1
BIOL& 232,E   ,75,89,1,3,-1,-1
BIOL& 232,E   ,75,89,2,3,-1,-1
BIOL& 260,S   ,103,114,2,3,-1,-1
BIOL& 260,S   ,103,114,4,3,-1,-1
BT 100,HY  ,61,67,1,3,-1,-1
BT 100,HY  ,61,67,2,3,-1,-1
BT 100,HY  ,61,67,3,3,-1,-1
BT 100,HY  ,61,67,4,3,-1,-1
BT 100,T   ,117,130,2,3,-1,-1
BT 100,T   ,117,130,4,3,-1,-1
BT 105,MH  ,105,118,2,3,-1,-1
BT 105,MH  ,105,118,4,3,-1,-1
BT 115,HY  ,75,81,1,3,-1,-1
BT 115,HY  ,75,81,2,3,-1,-1
BT 115,HY  ,75,81,3,3,-1,-1
BT 115,HY  ,75,81,4,3,-1,-1
BT 130,T   ,117,130,2,3,-1,-1
BT 130,T   ,117,130,4,3,-1,-1
BT 181D,HY  ,68,74,1,3,-1,-1
BT 181D,HY  ,68,74,2,3,-1,-1
BT 181D,HY  ,68,74,3,3,-1,-1
BT 181D,HY  ,68,74,4,3,-1,-1
BT 182,HY  ,75,81,1,3,-1,-1
BT 182,HY  ,75,81,2,3,-1,-1
BT 182,HY  ,75,81,3,3,-1,-1
BT 182,HY  ,75,81,4,3,-1,-1
BT 219,MH  ,105,118,2,3,-1,-1
BT 219,MH  ,105,118,4,3,-1,-1
BT 219,T   ,117,130,2,3,-1,-1
BT 219,T   ,117,130,4,3,-1,-1
BT 240,T   ,117,130,2,3,-1,-1
BT 240,T   ,117,130,4,3,-1,-1
BT 242,HY  ,54,60,1,3,-1,-1
BT 242,HY  ,54,60,2,3,-1,-1
BT 242,HY  ,54,60,3,3,-1,-1
BT 242,HY  ,54,60,4,3,-1,-1
BT 243,HY  ,61,67,1,3,-1,-1
BT 243,HY  ,61,67,3,3,-1,-1
BUS 130,HYA ,68,74,1,3,-1,-1
BUS 130,HYA ,68,74,2,3,-1,-1
BUS 130,HYA ,68,74,3,3,-1,-1
BUS 130,HYA ,68,74,4,3,-1,-1
BUS 130,HYB ,68,74,1,3,-1,-1
BUS 130,HYB ,68,74,2,3,-1,-1
BUS 130,HYB ,68,74,3,3,-1,-1
BUS 130,HYB ,68,74,4,3,-1,-1
BUS 150,HY  ,68,74,2,3,-1,-1
BUS 150,HY  ,68,74,4,3,-1,-1
BUS 155,HY  ,54,67,2,3,-1,-1
BUS 155,HY  ,54,67,4,3,-1,-1
BUS 165,HYA ,75,88,1,3,-1,-1
BUS 165,HYA ,75,88,3,3,-1,-1
BUS 165,HYB ,75,88,1,3,-1,-1
BUS 165,HYB ,75,88,3,3,-1,-1
BUS 165,RMA ,89,95,1,3,-1,-1
BUS 165,RMA ,89,95,2,3,-1,-1
BUS 165,RMA ,89,95,3,3,-1,-1
BUS 165,RMA ,89,95,4,3,-1,-1
BUS 165,RMB ,89,95,1,3,-1,-1
BUS 165,RMB ,89,95,2,3,-1,-1
BUS 165,RMB ,89,95,3,3,-1,-1
BUS 165,RMB ,89,95,4,3,-1,-1
BUS& 101,HY4 ,61,67,2,3,-1,-1
BUS& 101,HY4 ,61,67,4,3,-1,-1
CHEM& 121,LC1 ,61,66,1,3,-1,-1
CHEM& 121,LC1 ,61,66,2,3,-1,-1
CHEM& 121,LC1 ,61,66,3,3,-1,-1
CHEM& 121,LC1 ,61,66,4,3,-1,-1
CHEM& 121,LC2 ,61,66,1,3,-1,-1
CHEM& 121,LC2 ,61,66,2,3,-1,-1
CHEM& 121,LC2 ,61,66,3,3,-1,-1
CHEM& 121,LC2 ,61,66,4,3,-1,-1
CHEM& 131,A   ,61,72,1,3,-1,-1
CHEM& 131,A   ,61,72,3,3,-1,-1
CHEM& 131,B   ,61,72,1,3,-1,-1
CHEM& 131,B   ,61,72,3,3,-1,-1
CHEM& 162,S   ,107,118,2,3,-1,-1
CHEM& 162,S   ,107,118,4,3,-1,-1
CHEM& 163,A   ,88,99,2,3,-1,-1
CHEM& 163,A   ,88,99,4,3,-1,-1
CHEM& 163,B   ,75,86,2,3,-1,-1
CHEM& 163,B   ,75,86,4,3,-1,-1
CHEM& 262,A   ,75,86,2,3,-1,-1
CHEM& 262,A   ,75,86,4,3,-1,-1
CHEM& 263,A   ,75,86,1,3,-1,-1
CHEM& 263,A   ,75,86,3,3,-1,-1
CHEM& 263,B   ,75,86,1,3,-1,-1
CHEM& 263,B   ,75,86,3,3,-1,-1
CHIN& 121,A   ,47,60,2,3,-1,-1
CHIN& 121,A   ,47,60,4,3,-1,-1
CJ 203,HY  ,93,102,1,3,-1,-1
CJ 203,HY  ,93,102,3,3,-1,-1
CJ 234,HY  ,75,84,1,3,-1,-1
CJ 234,HY  ,75,84,3,3,-1,-1
CJ 234,HY  ,75,84,5,3,-1,-1
CJ& 101,HY2 ,61,70,1,3,-1,-1
CJ& 101,HY2 ,61,70,3,3,-1,-1
CJ& 101,HY2 ,61,70,5,3,-1,-1
CL 101,HY1 ,54,60,1,3,-1,-1
CL 101,HY1 ,54,60,2,3,-1,-1
CL 101,HY1 ,54,60,3,3,-1,-1
CL 101,HY1 ,54,60,4,3,-1,-1
CL 101,HY2 ,68,74,1,3,-1,-1
CL 101,HY2 ,68,74,2,3,-1,-1
CL 101,HY2 ,68,74,3,3,-1,-1
CL 101,HY2 ,68,74,4,3,-1,-1
CL 101,HYA ,75,81,1,3,-1,-1
CL 101,HYA ,75,81,2,3,-1,-1
CL 101,HYA ,75,81,3,3,-1,-1
CL 101,HYA ,75,81,4,3,-1,-1
CL 101,HYB ,75,81,1,3,-1,-1
CL 101,HYB ,75,81,2,3,-1,-1
CL 101,HYB ,75,81,3,3,-1,-1
CL 101,HYB ,75,81,4,3,-1,-1
CL 101,MH  ,105,118,2,3,-1,-1
CL 101,MH  ,105,118,4,3,-1,-1
CL 101,RMA ,96,102,1,3,-1,-1
CL 101,RMA ,96,102,2,3,-1,-1
CL 101,RMA ,96,102,3,3,-1,-1
CL 101,RMA ,96,102,4,3,-1,-1
CL 101,RMB ,96,102,1,3,-1,-1
CL 101,RMB ,96,102,2,3,-1,-1
CL 101,RMB ,96,102,3,3,-1,-1
CL 101,RMB ,96,102,4,3,-1,-1
CL 102,MH  ,105,118,2,3,-1,-1
CL 102,MH  ,105,118,4,3,-1,-1
CL 103,MH  ,105,118,2,3,-1,-1
CL 103,MH  ,105,118,4,3,-1,-1
CL 104,MH  ,105,118,2,3,-1,-1
CL 104,MH  ,105,118,4,3,-1,-1
CL 105,MH  ,105,118,2,3,-1,-1
CL 105,MH  ,105,118,4,3,-1,-1
CL 106,MH  ,105,118,2,3,-1,-1
CL 106,MH  ,105,118,4,3,-1,-1
CL 107,MH  ,105,118,2,3,-1,-1
CL 107,MH  ,105,118,4,3,-1,-1
CMST 223,A   ,68,74,1,3,-1,-1
CMST 223,A   ,68,74,2,3,-1,-1
CMST 223,A   ,68,74,3,3,-1,-1
CMST 223,A   ,68,74,4,3,-1,-1
CMST& 220,D   ,75,81,1,3,-1,-1
CMST& 220,D   ,75,81,2,3,-1,-1
CMST& 220,D   ,75,81,3,3,-1,-1
CMST& 220,D   ,75,81,4,3,-1,-1
CMST& 230,HY  ,61,72,1,3,-1,-1
CMST& 230,HY  ,61,72,3,3,-1,-1
COLL 101,B   ,55,60,1,3,-1,-1
COLL 101,B   ,55,60,2,3,-1,-1
COLL 101,B   ,55,60,3,3,-1,-1
COLL 101,B   ,55,60,4,3,-1,-1
COLL 101,C   ,61,66,1,3,-1,-1
COLL 101,C   ,61,66,3,3,-1,-1
COLL 101,D   ,61,66,2,3,-1,-1
COLL 101,D   ,61,66,4,3,-1,-1
COLL 101,F   ,68,73,2,3,-1,-1
COLL 101,F   ,68,73,4,3,-1,-1
COLL 101,G   ,75,86,2,3,-1,-1
COLL 101,G   ,75,86,4,3,-1,-1
COLL 101,H   ,75,86,2,3,-1,-1
COLL 101,H   ,75,86,4,3,-1,-1
COLL 101,HY1 ,55,73,1,3,-1,-1
COLL 101,HY1 ,55,73,2,3,-1,-1
COLL 101,HY1 ,55,73,3,3,-1,-1
COLL 101,J   ,75,86,5,3,-1,-1
COLL 101,K   ,82,92,2,3,-1,-1
COLL 101,K   ,82,92,4,3,-1,-1
COLL 101,L   ,48,53,1,3,-1,-1
COLL 101,L   ,48,53,3,3,-1,-1
COLL 101,N   ,49,60,5,3,-1,-1
COLL 101,O   ,75,86,1,3,-1,-1
COLL 101,O   ,75,86,3,3,-1,-1
COLL 101,S   ,97,102,2,3,-1,-1
COLL 101,S   ,97,102,4,3,-1,-1
COSMT 102,A   ,82,97,2,3,-1,-1
COSMT 110,C   ,49,61,2,3,-1,-1
COSMT 110,C   ,49,61,4,3,-1,-1
COSMT 201,A   ,49,109,2,3,-1,-1
COSMT 201,A   ,49,109,4,3,-1,-1
COSMT 201,A   ,49,109,7,3,-1,-1
COSMT 202,A   ,49,97,1,3,-1,-1
COSMT 202,A   ,49,97,3,3,-1,-1
COSMT 202,A   ,49,97,5,3,-1,-1
COSMT 202,B   ,49,109,2,3,-1,-1
COSMT 202,B   ,49,109,4,3,-1,-1
COSMT 202,B   ,49,109,7,3,-1,-1
COSMT 202,C   ,49,109,2,3,-1,-1
COSMT 202,C   ,49,109,4,3,-1,-1
COSMT 202,C   ,49,109,7,3,-1,-1
COSMT 205,A   ,49,70,1,3,-1,-1
COSMT 206,A   ,49,97,1,3,-1,-1
COSMT 206,A   ,49,97,2,3,-1,-1
COSMT 206,A   ,49,97,3,3,-1,-1
COSMT 206,A   ,49,97,5,3,-1,-1
COSMT 206,B   ,49,109,7,3,-1,-1
CS 110,A   ,61,72,1,3,-1,-1
CS 110,A   ,61,72,3,3,-1,-1
CS 110,A   ,61,72,5,3,-1,-1
CS 110,S   ,103,119,1,3,-1,-1
CS 110,S   ,103,119,3,3,-1,-1
CS 132,S   ,97,113,1,3,-1,-1
CS 132,S   ,97,113,3,3,-1,-1
CS& 131,B   ,75,91,1,3,-1,-1
CS& 131,B   ,75,91,3,3,-1,-1
CT 101,A   ,83,102,2,3,-1,-1
CT 101,A   ,83,102,4,3,-1,-1
CT 102,A   ,48,82,1,3,-1,-1
CT 102,A   ,48,82,2,3,-1,-1
CT 102,A   ,48,82,3,3,-1,-1
CT 102,A   ,48,82,4,3,-1,-1
DEVED 099,A   ,82,87,1,3,-1,-1
DEVED 099,A   ,82,87,2,3,-1,-1
DEVED 099,A   ,82,87,3,3,-1,-1
DEVED 099,A   ,82,87,4,3,-1,-1
DEVED 100,A   ,82,87,1,3,-1,-1
DEVED 100,A   ,82,87,2,3,-1,-1
DEVED 100,A   ,82,87,3,3,-1,-1
DEVED 100,A   ,82,87,4,3,-1,-1
DEVED 104,A   ,54,60,1,3,-1,-1
DEVED 104,A   ,54,60,2,3,-1,-1
DEVED 104,A   ,54,60,3,3,-1,-1
DEVED 104,A   ,54,60,4,3,-1,-1
DRMA 100,A   ,82,99,1,3,-1,-1
DRMA 100,A   ,82,99,2,3,-1,-1
DRMA 100,A   ,82,99,3,3,-1,-1
DRMA 100,A   ,82,99,4,3,-1,-1
DRMA 121,HY  ,61,66,1,3,-1,-1
DRMA 121,HY  ,61,66,2,3,-1,-1
DRMA 121,HY  ,61,66,3,3,-1,-1
DRMA 121,HY  ,61,66,4,3,-1,-1
ECE 233,HY  ,106,115,3,3,-1,-1
ECON 101D,HY  ,54,67,1,3,-1,-1
ECON 101D,HY  ,54,67,3,3,-1,-1
ECON& 201,MO  ,91,103,1,3,-1,-1
ECON& 201,MO  ,91,103,3,3,-1,-1
EDUC 256,HY1 ,86,91,2,3,-1,-1
EDUC 256,HY2 ,86,91,2,3,-1,-1
EDUC 256,HY3 ,86,91,2,3,-1,-1
EDUC& 202,HY1 ,75,85,2,3,-1,-1
EDUC& 202,HY1 ,75,85,4,3,-1,-1
EDUC& 202,HY2 ,103,116,1,3,-1,-1
ELA 010,A   ,61,74,1,3,-1,-1
ELA 010,A   ,61,74,2,3,-1,-1
ELA 010,A   ,61,74,3,3,-1,-1
ELA 010,A   ,61,74,4,3,-1,-1
ELA 010,MR1 ,110,128,2,3,-1,-1
ELA 010,MR1 ,110,128,3,3,-1,-1
ELA 010,MR1 ,110,128,4,3,-1,-1
ELA 010,S   ,110,128,2,3,-1,-1
ELA 010,S   ,110,128,3,3,-1,-1
ELA 010,S   ,110,128,4,3,-1,-1
ELA 020,A   ,61,74,1,3,-1,-1
ELA 020,A   ,61,74,2,3,-1,-1
ELA 020,A   ,61,74,3,3,-1,-1
ELA 020,A   ,61,74,4,3,-1,-1
ELA 020,B   ,77,90,1,3,-1,-1
ELA 020,B   ,77,90,2,3,-1,-1
ELA 020,B   ,77,90,3,3,-1,-1
ELA 020,B   ,77,90,4,3,-1,-1
ELA 020,S   ,110,128,2,3,-1,-1
ELA 020,S   ,110,128,3,3,-1,-1
ELA 020,S   ,110,128,4,3,-1,-1
ELA 030,B   ,77,90,1,3,-1,-1
ELA 030,B   ,77,90,2,3,-1,-1
ELA 030,B   ,77,90,3,3,-1,-1
ELA 030,B   ,77,90,4,3,-1,-1
ELA 030,MR3 ,110,128,2,3,-1,-1
ELA 030,MR3 ,110,128,3,3,-1,-1
ELA 030,MR3 ,110,128,4,3,-1,-1
EMS 151,S   ,112,133,1,3,-1,-1
EMS 151,S   ,112,133,3,3,-1,-1
ENG T 101,A   ,83,97,2,3,-1,-1
ENG T 101,A   ,83,97,4,3,-1,-1
ENG T 105,A   ,103,119,1,3,-1,-1
ENG T 105,A   ,103,119,3,3,-1,-1
ENG T 203,S   ,103,119,1,3,-1,-1
ENG T 203,S   ,103,119,3,3,-1,-1
ENG T 217,S   ,103,119,1,3,-1,-1
ENG T 217,S   ,103,119,3,3,-1,-1
ENG T 225,A   ,66,76,2,3,-1,-1
ENG T 225,A   ,66,76,4,3,-1,-1
ENG T 226,A   ,66,76,2,3,-1,-1
ENG T 226,A   ,66,76,4,3,-1,-1
ENG T 230,A   ,68,76,1,3,-1,-1
ENG T 230,A   ,68,76,3,3,-1,-1
ENG T 259,A   ,81,97,1,3,-1,-1
ENG T 259,A   ,81,97,3,3,-1,-1
ENGL 097,A   ,54,60,1,3,-1,-1
ENGL 097,A   ,54,60,2,3,-1,-1
ENGL 097,A   ,54,60,3,3,-1,-1
ENGL 097,A   ,54,60,4,3,-1,-1
ENGL 097,B   ,61,67,1,3,-1,-1
ENGL 097,B   ,61,67,2,3,-1,-1
ENGL 097,B   ,61,67,3,3,-1,-1
ENGL 097,B   ,61,67,4,3,-1,-1
ENGL 097,E   ,75,81,1,3,-1,-1
ENGL 097,E   ,75,81,3,3,-1,-1
ENGL 098,AC  ,61,74,1,3,-1,-1
ENGL 098,AC  ,61,74,3,3,-1,-1
ENGL 098,B   ,61,67,1,3,-1,-1
ENGL 098,B   ,61,67,2,3,-1,-1
ENGL 098,B   ,61,67,3,3,-1,-1
ENGL 098,B   ,61,67,4,3,-1,-1
ENGL 098,E   ,68,74,1,3,-1,-1
ENGL 098,E   ,68,74,2,3,-1,-1
ENGL 098,E   ,68,74,3,3,-1,-1
ENGL 098,E   ,68,74,4,3,-1,-1
ENGL 098,F   ,75,81,1,3,-1,-1
ENGL 098,F   ,75,81,2,3,-1,-1
ENGL 098,F   ,75,81,3,3,-1,-1
ENGL 098,F   ,75,81,4,3,-1,-1
ENGL 098,S   ,103,116,2,3,-1,-1
ENGL 098,S   ,103,116,4,3,-1,-1
ENGL 105,A   ,54,60,1,3,-1,-1
ENGL 105,A   ,54,60,2,3,-1,-1
ENGL 105,A   ,54,60,3,3,-1,-1
ENGL 105,A   ,54,60,4,3,-1,-1
ENGL 108,A   ,47,53,1,3,-1,-1
ENGL 108,A   ,47,53,2,3,-1,-1
ENGL 108,A   ,47,53,3,3,-1,-1
ENGL 108,A   ,47,53,4,3,-1,-1
ENGL 108,HY  ,103,116,1,3,-1,-1
ENGL 165,A   ,54,60,1,3,-1,-1
ENGL 165,A   ,54,60,2,3,-1,-1
ENGL 165,A   ,54,60,3,3,-1,-1
ENGL 165,A   ,54,60,4,3,-1,-1
ENGL 168,A   ,47,53,1,3,-1,-1
ENGL 168,A   ,47,53,2,3,-1,-1
ENGL 168,A   ,47,53,3,3,-1,-1
ENGL 168,A   ,47,53,4,3,-1,-1
ENGL 168,HY  ,103,116,1,3,-1,-1
ENGL 205,A   ,54,60,1,3,-1,-1
ENGL 205,A   ,54,60,2,3,-1,-1
ENGL 205,A   ,54,60,3,3,-1,-1
ENGL 205,A   ,54,60,4,3,-1,-1
ENGL 208,A   ,47,53,1,3,-1,-1
ENGL 208,A   ,47,53,2,3,-1,-1
ENGL 208,A   ,47,53,3,3,-1,-1
ENGL 208,A   ,47,53,4,3,-1,-1
ENGL 208,HY  ,103,116,1,3,-1,-1
ENGL 251,A   ,68,74,1,3,-1,-1
ENGL 251,A   ,68,74,2,3,-1,-1
ENGL 251,A   ,68,74,3,3,-1,-1
ENGL 251,A   ,68,74,4,3,-1,-1
ENGL& 101,A   ,47,53,1,3,-1,-1
ENGL& 101,A   ,47,53,2,3,-1,-1
ENGL& 101,A   ,47,53,3,3,-1,-1
ENGL& 101,A   ,47,53,4,3,-1,-1
ENGL& 101,AC  ,61,74,1,3,-1,-1
ENGL& 101,AC  ,61,74,3,3,-1,-1
ENGL& 101,E   ,54,60,1,3,-1,-1
ENGL& 101,E   ,54,60,2,3,-1,-1
ENGL& 101,E   ,54,60,3,3,-1,-1
ENGL& 101,E   ,54,60,4,3,-1,-1
ENGL& 101,G   ,61,67,1,3,-1,-1
ENGL& 101,G   ,61,67,2,3,-1,-1
ENGL& 101,G   ,61,67,3,3,-1,-1
ENGL& 101,G   ,61,67,4,3,-1,-1
ENGL& 101,H   ,61,67,1,3,-1,-1
ENGL& 101,H   ,61,67,2,3,-1,-1
ENGL& 101,H   ,61,67,3,3,-1,-1
ENGL& 101,H   ,61,67,4,3,-1,-1
ENGL& 101,HY  ,49,58,1,3,-1,-1
ENGL& 101,HY  ,49,58,3,3,-1,-1
ENGL& 101,I   ,61,67,1,3,-1,-1
ENGL& 101,I   ,61,67,2,3,-1,-1
ENGL& 101,I   ,61,67,3,3,-1,-1
ENGL& 101,I   ,61,67,4,3,-1,-1
ENGL& 101,K   ,61,74,1,3,-1,-1
ENGL& 101,K   ,61,74,3,3,-1,-1
ENGL& 101,MO  ,77,90,1,3,-1,-1
ENGL& 101,MO  ,77,90,3,3,-1,-1
ENGL& 101,N   ,68,74,1,3,-1,-1
ENGL& 101,N   ,68,74,2,3,-1,-1
ENGL& 101,N   ,68,74,3,3,-1,-1
ENGL& 101,N   ,68,74,4,3,-1,-1
ENGL& 101,O   ,75,81,1,3,-1,-1
ENGL& 101,O   ,75,81,2,3,-1,-1
ENGL& 101,O   ,75,81,3,3,-1,-1
ENGL& 101,O   ,75,81,4,3,-1,-1
ENGL& 101,P   ,75,88,1,3,-1,-1
ENGL& 101,P   ,75,88,3,3,-1,-1
ENGL& 101,R   ,75,88,2,3,-1,-1
ENGL& 101,R   ,75,88,4,3,-1,-1
ENGL& 101,S   ,103,116,1,3,-1,-1
ENGL& 101,S   ,103,116,3,3,-1,-1
ENGL& 101,T   ,103,116,2,3,-1,-1
ENGL& 101,T   ,103,116,4,3,-1,-1
ENGL& 102,A   ,47,60,1,3,-1,-1
ENGL& 102,A   ,47,60,3,3,-1,-1
ENGL& 102,E   ,54,60,1,3,-1,-1
ENGL& 102,E   ,54,60,2,3,-1,-1
ENGL& 102,E   ,54,60,3,3,-1,-1
ENGL& 102,E   ,54,60,4,3,-1,-1
ENGL& 102,F   ,61,67,1,3,-1,-1
ENGL& 102,F   ,61,67,2,3,-1,-1
ENGL& 102,F   ,61,67,3,3,-1,-1
ENGL& 102,F   ,61,67,4,3,-1,-1
ENGL& 102,HN  ,75,81,1,3,-1,-1
ENGL& 102,HN  ,75,81,2,3,-1,-1
ENGL& 102,HN  ,75,81,3,3,-1,-1
ENGL& 102,HN  ,75,81,4,3,-1,-1
ENGL& 102,HY2 ,61,70,1,3,-1,-1
ENGL& 102,HY2 ,61,70,3,3,-1,-1
ENGL& 102,HY3 ,75,84,2,3,-1,-1
ENGL& 102,HY3 ,75,84,4,3,-1,-1
ENGL& 102,I   ,61,67,1,3,-1,-1
ENGL& 102,I   ,61,67,3,3,-1,-1
ENGL& 102,J   ,61,74,2,3,-1,-1
ENGL& 102,J   ,61,74,4,3,-1,-1
ENGL& 102,M   ,75,81,1,3,-1,-1
ENGL& 102,M   ,75,81,2,3,-1,-1
ENGL& 102,M   ,75,81,3,3,-1,-1
ENGL& 102,M   ,75,81,4,3,-1,-1
ENGL& 102,MO  ,91,104,1,3,-1,-1
ENGL& 102,MO  ,91,104,3,3,-1,-1
ENGL& 102,O   ,75,88,1,3,-1,-1
ENGL& 102,O   ,75,88,3,3,-1,-1
ENGL& 102,Q   ,89,102,1,3,-1,-1
ENGL& 102,Q   ,89,102,3,3,-1,-1
ENGL& 102,T   ,103,116,2,3,-1,-1
ENGL& 102,T   ,103,116,4,3,-1,-1
ENGL& 102D,S   ,103,116,1,3,-1,-1
ENGL& 102D,S   ,103,116,3,3,-1,-1
ENGL& 113,A   ,54,60,1,3,-1,-1
ENGL& 113,A   ,54,60,2,3,-1,-1
ENGL& 113,A   ,54,60,3,3,-1,-1
ENGL& 113,A   ,54,60,4,3,-1,-1
ENGL& 230,HY  ,106,114,2,3,-1,-1
ENGL& 235,HY  ,106,114,2,3,-1,-1
ENGL& 235,HY  ,106,114,4,3,-1,-1
ENGL& 246D,A   ,61,67,1,3,-1,-1
ENGL& 246D,A   ,61,67,2,3,-1,-1
ENGL& 246D,A   ,61,67,3,3,-1,-1
ENGL& 246D,A   ,61,67,4,3,-1,-1
ENGR 111,A   ,61,72,1,3,-1,-1
ENGR 111,A   ,61,72,2,3,-1,-1
ENGR 111,A   ,61,72,4,3,-1,-1
ENGR 121,A   ,75,91,1,3,-1,-1
ENGR 121,A   ,75,91,3,3,-1,-1
ENGR 202,S   ,97,119,2,3,-1,-1
ENGR 202,S   ,97,119,4,3,-1,-1
ENGR 205,A   ,75,91,5,3,-1,-1
ENGR 220,B   ,75,80,2,3,-1,-1
ENGR 240,HY  ,61,72,2,3,-1,-1
ENGR 240,HY  ,61,72,4,3,-1,-1
ENGR 298,A   ,85,101,1,3,-1,-1
ENGR& 204,A   ,75,88,2,3,-1,-1
ENGR& 204,A   ,75,88,4,3,-1,-1
ENGR& 204,S   ,97,110,1,3,-1,-1
ENGR& 204,S   ,97,110,3,3,-1,-1
ENGR& 214,HY  ,49,60,1,3,-1,-1
ENGR& 214,HY  ,49,60,3,3,-1,-1
ENGR& 215,S   ,97,110,2,3,-1,-1
ENGR& 215,S   ,97,110,4,3,-1,-1
ENGR& 224,A   ,75,88,1,3,-1,-1
ENGR& 224,A   ,75,88,3,3,-1,-1
FIRE 203,HY  ,110,128,1,3,-1,-1
FIRE 249,A   ,47,102,7,3,-1,-1
FIRE 249,A   ,47,102,7,3,-1,-1
FRCH& 122,A   ,68,74,1,3,-1,-1
FRCH& 122,A   ,68,74,2,3,-1,-1
FRCH& 122,A   ,68,74,3,3,-1,-1
FRCH& 122,A   ,68,74,4,3,-1,-1
GEOG 101,A   ,68,74,1,3,-1,-1
GEOG 101,A   ,68,74,2,3,-1,-1
GEOG 101,A   ,68,74,3,3,-1,-1
GEOG 101,A   ,68,74,4,3,-1,-1
GEOG 201D,A   ,61,67,1,3,-1,-1
GEOG 201D,A   ,61,67,2,3,-1,-1
GEOG 201D,A   ,61,67,3,3,-1,-1
GEOG 201D,A   ,61,67,4,3,-1,-1
GEOG 205,A   ,49,60,1,3,-1,-1
GEOG 205,A   ,49,60,3,3,-1,-1
GEOL& 110,A   ,49,60,2,3,-1,-1
GEOL& 110,A   ,49,60,3,3,-1,-1
GEOL& 110,A   ,49,60,4,3,-1,-1
GERM& 123,A   ,61,67,1,3,-1,-1
GERM& 123,A   ,61,67,2,3,-1,-1
GERM& 123,A   ,61,67,3,3,-1,-1
GERM& 123,A   ,61,67,4,3,-1,-1
GRAPH 115,A   ,61,72,1,3,-1,-1
GRAPH 115,A   ,61,72,3,3,-1,-1
GRAPH 115,A   ,61,72,5,3,-1,-1
GRAPH 115,S   ,103,120,2,3,-1,-1
GRAPH 115,S   ,103,120,4,3,-1,-1
GRAPH 118,A   ,82,99,1,3,-1,-1
GRAPH 118,A   ,82,99,3,3,-1,-1
H DEV,HY1 ,89,101,1,3,-1,-1
HIST& 148,MO  ,77,90,2,3,-1,-1
HIST& 148,MO  ,77,90,4,3,-1,-1
HIST& 214,A   ,61,74,2,3,-1,-1
HIST& 214,A   ,61,74,4,3,-1,-1
HLTH 080,A   ,49,97,5,3,-1,-1
HLTH 100,S   ,117,132,1,3,-1,-1
HLTH 100,S   ,117,132,3,3,-1,-1
HLTH 104,A   ,75,84,1,3,-1,-1
HLTH 104,A   ,75,84,3,3,-1,-1
HLTH 107,HY  ,61,67,1,3,-1,-1
HLTH 107,HY  ,61,67,3,3,-1,-1
HLTH 130,HY  ,61,74,2,3,-1,-1
HLTH 130,HY  ,61,74,4,3,-1,-1
HLTH 140,A   ,75,121,5,3,-1,-1
HLTH 150D,HY  ,103,116,2,3,-1,-1
HLTH 160,HY  ,103,116,1,3,-1,-1
HLTH 160,HY  ,103,116,3,3,-1,-1
HLTH 191,A   ,49,60,1,3,-1,-1
HLTH 210,HY  ,61,74,5,3,-1,-1
HLTH 214,A   ,68,73,2,3,-1,-1
HLTH 214,A   ,68,73,4,3,-1,-1
HLTH 251,S   ,103,116,2,3,-1,-1
HSC 023,HSC ,61,67,1,3,-1,-1
HSC 023,HSC ,61,67,2,3,-1,-1
HSC 023,HSC ,61,67,3,3,-1,-1
HSC 023,HSC ,61,67,4,3,-1,-1
HSC 060,HSC ,110,123,2,3,-1,-1
HSC 060,HSC ,110,123,4,3,-1,-1
HSC 081,HSC ,68,74,1,3,-1,-1
HSC 081,HSC ,68,74,2,3,-1,-1
HSC 081,HSC ,68,74,3,3,-1,-1
HSC 081,HSC ,68,74,4,3,-1,-1
HUM 247D,MO  ,105,118,1,3,-1,-1
HUM 247D,MO  ,105,118,3,3,-1,-1
IEP 051,C   ,86,94,2,3,-1,-1
IEP 051,C   ,86,94,4,3,-1,-1
IEP 063,A   ,61,69,1,3,-1,-1
IEP 063,A   ,61,69,3,3,-1,-1
IEP 065,A   ,61,69,1,3,-1,-1
IEP 065,A   ,61,69,3,3,-1,-1
IEP 065,B   ,61,69,2,3,-1,-1
IEP 065,B   ,61,69,4,3,-1,-1
IEP 073,A   ,54,59,1,3,-1,-1
IEP 073,A   ,54,59,2,3,-1,-1
IEP 073,A   ,54,59,3,3,-1,-1
IEP 073,A   ,54,59,4,3,-1,-1
IEP 075,A   ,54,59,1,3,-1,-1
IEP 075,A   ,54,59,2,3,-1,-1
IEP 075,A   ,54,59,3,3,-1,-1
IEP 075,A   ,54,59,4,3,-1,-1
IEP 083,A   ,75,85,1,3,-1,-1
IEP 083,A   ,75,85,3,3,-1,-1
IEP 085,A   ,75,85,1,3,-1,-1
IEP 085,A   ,75,85,3,3,-1,-1
IEP 085,B   ,75,85,2,3,-1,-1
IEP 085,B   ,75,85,4,3,-1,-1
IEP 093,A   ,75,85,2,3,-1,-1
IEP 093,A   ,75,85,4,3,-1,-1
IEP 095,A   ,75,85,1,3,-1,-1
IEP 095,A   ,75,85,3,3,-1,-1
IEP 095,B   ,75,85,2,3,-1,-1
IEP 095,B   ,75,85,4,3,-1,-1
IT 108,S   ,103,116,1,3,-1,-1
IT 108,S   ,103,116,3,3,-1,-1
IT 117,S   ,103,116,1,3,-1,-1
IT 117,S   ,103,116,3,3,-1,-1
IT 122,S   ,103,116,1,3,-1,-1
IT 122,S   ,103,116,3,3,-1,-1
IT 162,S   ,117,127,1,3,-1,-1
IT 162,S   ,117,127,3,3,-1,-1
IT 217,S   ,103,116,2,3,-1,-1
IT 217,S   ,103,116,4,3,-1,-1
IT 222,S   ,103,116,2,3,-1,-1
IT 222,S   ,103,116,4,3,-1,-1
IT 224,S   ,117,130,1,3,-1,-1
IT 224,S   ,117,130,3,3,-1,-1
IT 228,S   ,117,130,2,3,-1,-1
IT 228,S   ,117,130,4,3,-1,-1
IT 240,S   ,103,116,2,3,-1,-1
IT 240,S   ,103,116,4,3,-1,-1
JAPN& 122,A   ,75,81,1,3,-1,-1
JAPN& 122,A   ,75,81,2,3,-1,-1
JAPN& 122,A   ,75,81,3,3,-1,-1
JAPN& 122,A   ,75,81,4,3,-1,-1
JAPN& 123,S   ,103,116,2,3,-1,-1
JAPN& 123,S   ,103,116,4,3,-1,-1
JAPN& 223,HY  ,103,116,3,3,-1,-1
JOURN 111,HY  ,61,72,1,3,-1,-1
JOURN 111,HY  ,61,72,3,3,-1,-1
JOURN 170,A   ,82,90,1,3,-1,-1
JOURN 170,A   ,82,90,3,3,-1,-1
MATH 060,A   ,82,100,2,3,-1,-1
MATH 078,A   ,54,60,1,3,-1,-1
MATH 078,A   ,54,60,2,3,-1,-1
MATH 078,A   ,54,60,3,3,-1,-1
MATH 078,A   ,54,60,4,3,-1,-1
MATH 078,B   ,61,67,1,3,-1,-1
MATH 078,B   ,61,67,2,3,-1,-1
MATH 078,B   ,61,67,3,3,-1,-1
MATH 078,B   ,61,67,4,3,-1,-1
MATH 078,C   ,68,74,1,3,-1,-1
MATH 078,C   ,68,74,2,3,-1,-1
MATH 078,C   ,68,74,3,3,-1,-1
MATH 078,C   ,68,74,4,3,-1,-1
MATH 078,D   ,75,81,1,3,-1,-1
MATH 078,D   ,75,81,2,3,-1,-1
MATH 078,D   ,75,81,3,3,-1,-1
MATH 078,D   ,75,81,4,3,-1,-1
MATH 078,S   ,103,116,1,3,-1,-1
MATH 078,S   ,103,116,3,3,-1,-1
MATH 079,A   ,54,60,1,3,-1,-1
MATH 079,A   ,54,60,2,3,-1,-1
MATH 079,A   ,54,60,3,3,-1,-1
MATH 079,A   ,54,60,4,3,-1,-1
MATH 079,B   ,61,67,1,3,-1,-1
MATH 079,B   ,61,67,2,3,-1,-1
MATH 079,B   ,61,67,3,3,-1,-1
MATH 079,B   ,61,67,4,3,-1,-1
MATH 079,C   ,68,74,1,3,-1,-1
MATH 079,C   ,68,74,2,3,-1,-1
MATH 079,C   ,68,74,3,3,-1,-1
MATH 079,C   ,68,74,4,3,-1,-1
MATH 079,D   ,75,81,1,3,-1,-1
MATH 079,D   ,75,81,2,3,-1,-1
MATH 079,D   ,75,81,3,3,-1,-1
MATH 079,D   ,75,81,4,3,-1,-1
MATH 079,S   ,103,116,1,3,-1,-1
MATH 079,S   ,103,116,3,3,-1,-1
MATH 080,A   ,54,60,1,3,-1,-1
MATH 080,A   ,54,60,2,3,-1,-1
MATH 080,A   ,54,60,3,3,-1,-1
MATH 080,A   ,54,60,4,3,-1,-1
MATH 080,B   ,61,67,1,3,-1,-1
MATH 080,B   ,61,67,2,3,-1,-1
MATH 080,B   ,61,67,3,3,-1,-1
MATH 080,B   ,61,67,4,3,-1,-1
MATH 080,C   ,68,74,1,3,-1,-1
MATH 080,C   ,68,74,2,3,-1,-1
MATH 080,C   ,68,74,3,3,-1,-1
MATH 080,C   ,68,74,4,3,-1,-1
MATH 080,D   ,75,81,1,3,-1,-1
MATH 080,D   ,75,81,2,3,-1,-1
MATH 080,D   ,75,81,3,3,-1,-1
MATH 080,D   ,75,81,4,3,-1,-1
MATH 080,MH  ,69,75,2,3,-1,-1
MATH 080,MH  ,69,75,4,3,-1,-1
MATH 080,S   ,103,116,1,3,-1,-1
MATH 080,S   ,103,116,3,3,-1,-1
MATH 091,A   ,47,53,1,3,-1,-1
MATH 091,A   ,47,53,2,3,-1,-1
MATH 091,A   ,47,53,3,3,-1,-1
MATH 091,A   ,47,53,4,3,-1,-1
MATH 091,AC1 ,68,81,1,3,-1,-1
MATH 091,AC1 ,68,81,2,3,-1,-1
MATH 091,AC1 ,68,81,3,3,-1,-1
MATH 091,AC1 ,68,81,4,3,-1,-1
MATH 091,B   ,54,60,1,3,-1,-1
MATH 091,B   ,54,60,2,3,-1,-1
MATH 091,B   ,54,60,3,3,-1,-1
MATH 091,B   ,54,60,4,3,-1,-1
MATH 091,C   ,61,67,1,3,-1,-1
MATH 091,C   ,61,67,2,3,-1,-1
MATH 091,C   ,61,67,3,3,-1,-1
MATH 091,C   ,61,67,4,3,-1,-1
MATH 091,D   ,68,74,1,3,-1,-1
MATH 091,D   ,68,74,2,3,-1,-1
MATH 091,D   ,68,74,3,3,-1,-1
MATH 091,D   ,68,74,4,3,-1,-1
MATH 091,E   ,75,81,1,3,-1,-1
MATH 091,E   ,75,81,2,3,-1,-1
MATH 091,E   ,75,81,3,3,-1,-1
MATH 091,E   ,75,81,4,3,-1,-1
MATH 091,HY2 ,68,74,2,3,-1,-1
MATH 091,HY2 ,68,74,4,3,-1,-1
MATH 091,MH  ,49,55,2,3,-1,-1
MATH 091,MH  ,49,55,4,3,-1,-1
MATH 091,S   ,103,116,1,3,-1,-1
MATH 091,S   ,103,116,3,3,-1,-1
MATH 091,T   ,117,130,2,3,-1,-1
MATH 091,T   ,117,130,4,3,-1,-1
MATH 092,A   ,47,53,1,3,-1,-1
MATH 092,A   ,47,53,2,3,-1,-1
MATH 092,A   ,47,53,3,3,-1,-1
MATH 092,A   ,47,53,4,3,-1,-1
MATH 092,AC2 ,68,81,1,3,-1,-1
MATH 092,AC2 ,68,81,2,3,-1,-1
MATH 092,AC2 ,68,81,3,3,-1,-1
MATH 092,AC2 ,68,81,4,3,-1,-1
MATH 092,B   ,54,60,1,3,-1,-1
MATH 092,B   ,54,60,2,3,-1,-1
MATH 092,B   ,54,60,3,3,-1,-1
MATH 092,B   ,54,60,4,3,-1,-1
MATH 092,C   ,68,74,1,3,-1,-1
MATH 092,C   ,68,74,2,3,-1,-1
MATH 092,C   ,68,74,3,3,-1,-1
MATH 092,C   ,68,74,4,3,-1,-1
MATH 092,D   ,68,74,1,3,-1,-1
MATH 092,D   ,68,74,2,3,-1,-1
MATH 092,D   ,68,74,3,3,-1,-1
MATH 092,D   ,68,74,4,3,-1,-1
MATH 092,MH  ,56,62,2,3,-1,-1
MATH 092,MH  ,56,62,4,3,-1,-1
MATH 092,MO  ,119,132,1,3,-1,-1
MATH 092,MO  ,119,132,3,3,-1,-1
MATH 092,S   ,103,116,1,3,-1,-1
MATH 092,S   ,103,116,3,3,-1,-1
MATH 092,T   ,117,130,2,3,-1,-1
MATH 092,T   ,117,130,4,3,-1,-1
MATH 098,IN  ,54,67,1,3,-1,-1
MATH 098,IN  ,54,67,2,3,-1,-1
MATH 098,IN  ,54,67,3,3,-1,-1
MATH 098,IN  ,54,67,4,3,-1,-1
MATH 138,A   ,54,60,1,3,-1,-1
MATH 138,A   ,54,60,2,3,-1,-1
MATH 138,A   ,54,60,3,3,-1,-1
MATH 138,A   ,54,60,4,3,-1,-1
MATH 138,B   ,75,81,1,3,-1,-1
MATH 138,B   ,75,81,2,3,-1,-1
MATH 138,B   ,75,81,3,3,-1,-1
MATH 138,B   ,75,81,4,3,-1,-1
MATH 138,S   ,103,116,2,3,-1,-1
MATH 138,S   ,103,116,4,3,-1,-1
MATH 261,A   ,61,67,1,3,-1,-1
MATH 261,A   ,61,67,2,3,-1,-1
MATH 261,A   ,61,67,3,3,-1,-1
MATH 261,A   ,61,67,4,3,-1,-1
MATH 261,S   ,97,106,1,3,-1,-1
MATH 261,S   ,97,106,2,3,-1,-1
MATH 261,S   ,97,106,4,3,-1,-1
MATH& 107,A   ,54,60,1,3,-1,-1
MATH& 107,A   ,54,60,2,3,-1,-1
MATH& 107,A   ,54,60,3,3,-1,-1
MATH& 107,A   ,54,60,4,3,-1,-1
MATH& 107,B   ,68,74,1,3,-1,-1
MATH& 107,B   ,68,74,2,3,-1,-1
MATH& 107,B   ,68,74,3,3,-1,-1
MATH& 107,B   ,68,74,4,3,-1,-1
MATH& 107,IN  ,54,67,1,3,-1,-1
MATH& 107,IN  ,54,67,2,3,-1,-1
MATH& 107,IN  ,54,67,3,3,-1,-1
MATH& 107,IN  ,54,67,4,3,-1,-1
MATH& 107,MH  ,69,76,2,3,-1,-1
MATH& 107,MH  ,69,76,4,3,-1,-1
MATH& 141,A   ,47,53,1,3,-1,-1
MATH& 141,A   ,47,53,2,3,-1,-1
MATH& 141,A   ,47,53,3,3,-1,-1
MATH& 141,A   ,47,53,4,3,-1,-1
MATH& 141,C   ,61,67,1,3,-1,-1
MATH& 141,C   ,61,67,2,3,-1,-1
MATH& 141,C   ,61,67,3,3,-1,-1
MATH& 141,C   ,61,67,4,3,-1,-1
MATH& 141,D   ,61,67,1,3,-1,-1
MATH& 141,D   ,61,67,2,3,-1,-1
MATH& 141,D   ,61,67,3,3,-1,-1
MATH& 141,D   ,61,67,4,3,-1,-1
MATH& 141,E   ,68,74,1,3,-1,-1
MATH& 141,E   ,68,74,2,3,-1,-1
MATH& 141,E   ,68,74,3,3,-1,-1
MATH& 141,E   ,68,74,4,3,-1,-1
MATH& 141,S   ,117,130,1,3,-1,-1
MATH& 141,S   ,117,130,3,3,-1,-1
MATH& 142,A   ,47,53,1,3,-1,-1
MATH& 142,A   ,47,53,2,3,-1,-1
MATH& 142,A   ,47,53,3,3,-1,-1
MATH& 142,A   ,47,53,4,3,-1,-1
MATH& 142,D   ,68,74,1,3,-1,-1
MATH& 142,D   ,68,74,2,3,-1,-1
MATH& 142,D   ,68,74,3,3,-1,-1
MATH& 142,D   ,68,74,4,3,-1,-1
MATH& 142,E   ,75,81,1,3,-1,-1
MATH& 142,E   ,75,81,2,3,-1,-1
MATH& 142,E   ,75,81,3,3,-1,-1
MATH& 142,E   ,75,81,4,3,-1,-1
MATH& 142,S   ,103,116,2,3,-1,-1
MATH& 142,S   ,103,116,4,3,-1,-1
MATH& 146,D   ,75,81,1,3,-1,-1
MATH& 146,D   ,75,81,2,3,-1,-1
MATH& 146,D   ,75,81,3,3,-1,-1
MATH& 146,D   ,75,81,4,3,-1,-1
MATH& 146,MH  ,66,76,1,3,-1,-1
MATH& 146,MH  ,66,76,3,3,-1,-1
MATH& 146,S   ,103,116,2,3,-1,-1
MATH& 146,S   ,103,116,4,3,-1,-1
MATH& 151,D   ,68,74,1,3,-1,-1
MATH& 151,D   ,68,74,2,3,-1,-1
MATH& 151,D   ,68,74,3,3,-1,-1
MATH& 151,D   ,68,74,4,3,-1,-1
MATH& 151,E   ,75,81,1,3,-1,-1
MATH& 151,E   ,75,81,2,3,-1,-1
MATH& 151,E   ,75,81,3,3,-1,-1
MATH& 151,E   ,75,81,4,3,-1,-1
MATH& 152,C   ,68,74,1,3,-1,-1
MATH& 152,C   ,68,74,2,3,-1,-1
MATH& 152,C   ,68,74,3,3,-1,-1
MATH& 152,C   ,68,74,4,3,-1,-1
MATH& 264,A   ,61,66,1,3,-1,-1
MATH& 264,A   ,61,66,2,3,-1,-1
MATH& 264,A   ,61,66,3,3,-1,-1
MATH& 264,A   ,61,66,4,3,-1,-1
MFG T 100,B   ,73,88,1,3,-1,-1
MFG T 100,B   ,73,88,3,3,-1,-1
MFG T 100,IB  ,73,88,1,3,-1,-1
MFG T 100,IB  ,73,88,3,3,-1,-1
MFG T 104,A   ,49,83,1,3,-1,-1
MFG T 104,A   ,49,83,2,3,-1,-1
MFG T 104,A   ,49,83,3,3,-1,-1
MFG T 104,A   ,49,83,4,3,-1,-1
MFG T 104,S   ,49,118,5,3,-1,-1
MFG T 104,S   ,49,118,7,3,-1,-1
MFG T 104,WHS ,67,101,1,3,-1,-1
MFG T 104,WHS ,67,101,2,3,-1,-1
MFG T 104,WHS ,67,101,3,3,-1,-1
MFG T 104,WHS ,67,101,4,3,-1,-1
MFG T 105,A   ,49,83,1,3,-1,-1
MFG T 105,A   ,49,83,2,3,-1,-1
MFG T 105,A   ,49,83,3,3,-1,-1
MFG T 105,A   ,49,83,4,3,-1,-1
MFG T 105,S   ,49,118,5,3,-1,-1
MFG T 105,S   ,49,118,7,3,-1,-1
MFG T 105,WHS ,67,101,1,3,-1,-1
MFG T 105,WHS ,67,101,2,3,-1,-1
MFG T 105,WHS ,67,101,3,3,-1,-1
MFG T 105,WHS ,67,101,4,3,-1,-1
MFG T 117,A   ,52,59,2,3,-1,-1
MFG T 117,A   ,52,59,4,3,-1,-1
MFG T 119,A   ,52,71,2,3,-1,-1
MFG T 119,A   ,52,71,4,3,-1,-1
MFG T 124,S   ,103,124,2,3,-1,-1
MFG T 124,S   ,103,124,4,3,-1,-1
MUSC 147,CS  ,109,124,1,3,-1,-1
MUSC& 105,HY  ,61,66,1,3,-1,-1
MUSC& 105,HY  ,61,66,2,3,-1,-1
MUSC& 105,HY  ,61,66,3,3,-1,-1
MUSC& 105,HY  ,61,66,4,3,-1,-1
NAT S,A   ,75,85,1,3,-1,-1
NAT S,A   ,75,85,3,3,-1,-1
NAT S,A   ,75,85,5,3,-1,-1
NURS 095,A   ,,,1,3,-1,-1
NUTR 160,A   ,54,60,1,3,-1,-1
NUTR 160,A   ,54,60,2,3,-1,-1
NUTR 160,A   ,54,60,3,3,-1,-1
NUTR 160,A   ,54,60,4,3,-1,-1
NUTR 180,A   ,68,74,1,3,-1,-1
NUTR 180,A   ,68,74,2,3,-1,-1
NUTR 180,A   ,68,74,3,3,-1,-1
NUTR& 101,C   ,61,67,1,3,-1,-1
NUTR& 101,C   ,61,67,2,3,-1,-1
NUTR& 101,C   ,61,67,3,3,-1,-1
NUTR& 101,C   ,61,67,4,3,-1,-1
PEHW 101,S   ,117,127,2,3,-1,-1
PEHW 116,A   ,68,73,1,3,-1,-1
PEHW 116,A   ,68,73,2,3,-1,-1
PEHW 116,A   ,68,73,3,3,-1,-1
PEHW 116,A   ,68,73,4,3,-1,-1
PEHW 119,A   ,74,86,2,3,-1,-1
PEHW 119,A   ,74,86,4,3,-1,-1
PEHW 121,A   ,75,81,1,3,-1,-1
PEHW 121,A   ,75,81,2,3,-1,-1
PEHW 121,A   ,75,81,4,3,-1,-1
PHIL& 120,HY1 ,51,60,1,3,-1,-1
PHIL& 120,HY1 ,51,60,3,3,-1,-1
PHIL& 120,HY2 ,61,70,1,3,-1,-1
PHIL& 120,HY2 ,61,70,3,3,-1,-1
PHOTO 112,HY  ,79,94,1,3,-1,-1
PHOTO 112,HY  ,79,94,3,3,-1,-1
PHOTO 212,HY  ,79,94,2,3,-1,-1
PHOTO 212,HY  ,79,94,4,3,-1,-1
PHYS 130,C   ,75,86,5,3,-1,-1
PHYS& 114,D   ,79,96,2,3,-1,-1
PHYS& 114,D   ,79,96,4,3,-1,-1
PHYS& 116,A   ,49,60,1,3,-1,-1
PHYS& 116,A   ,49,60,3,3,-1,-1
PHYS& 116,A   ,49,60,5,3,-1,-1
PHYS& 231,A   ,79,96,2,3,-1,-1
PHYS& 231,B   ,79,96,3,3,-1,-1
PHYS& 233,A   ,79,96,1,3,-1,-1
PHYS& 233,B   ,79,96,4,3,-1,-1
PHYS& 241,A   ,49,60,2,3,-1,-1
PHYS& 241,A   ,49,60,4,3,-1,-1
PHYS& 243,A   ,49,60,2,3,-1,-1
PHYS& 243,A   ,49,60,4,3,-1,-1
POLS& 202,MO  ,91,104,2,3,-1,-1
POLS& 202,MO  ,91,104,4,3,-1,-1
PSYC 209,A   ,61,67,1,3,-1,-1
PSYC 209,A   ,61,67,2,3,-1,-1
PSYC 209,A   ,61,67,3,3,-1,-1
PSYC 209,A   ,61,67,4,3,-1,-1
PSYC ,HY  ,61,73,1,3,-1,-1
PSYC ,HY  ,61,73,3,3,-1,-1
PSYC& 100,G   ,89,102,1,3,-1,-1
PSYC& 100,G   ,89,102,3,3,-1,-1
PSYC& 100,HY2 ,75,85,1,3,-1,-1
PSYC& 100,HY2 ,75,85,3,3,-1,-1
PSYC& 100,MO  ,49,62,2,3,-1,-1
PSYC& 100,MO  ,49,62,4,3,-1,-1
PSYC& 200,MO  ,63,76,2,3,-1,-1
PSYC& 200,MO  ,63,76,4,3,-1,-1
SOC 209,A   ,61,67,1,3,-1,-1
SOC 209,A   ,61,67,2,3,-1,-1
SOC 209,A   ,61,67,3,3,-1,-1
SOC 209,A   ,61,67,4,3,-1,-1
SPAN 111,S   ,103,115,3,3,-1,-1
SPAN 112,S   ,103,115,3,3,-1,-1
SPAN 113,S   ,103,115,3,3,-1,-1
SPAN& 121,A   ,61,74,2,3,-1,-1
SPAN& 121,A   ,61,74,4,3,-1,-1
SPAN& 121,B   ,68,74,1,3,-1,-1
SPAN& 121,B   ,68,74,2,3,-1,-1
SPAN& 121,B   ,68,74,3,3,-1,-1
SPAN& 121,B   ,68,74,4,3,-1,-1
SPAN& 121,HY  ,103,116,1,3,-1,-1
SPAN& 123,A   ,47,53,1,3,-1,-1
SPAN& 123,A   ,47,53,2,3,-1,-1
SPAN& 123,A   ,47,53,3,3,-1,-1
SPAN& 123,A   ,47,53,4,3,-1,-1
SPAN& 123,B   ,61,74,1,3,-1,-1
SPAN& 123,B   ,61,74,3,3,-1,-1
SPAN& 223,A   ,75,88,1,3,-1,-1
SPAN& 223,A   ,75,88,3,3,-1,-1
TS 034,S   ,110,123,1,3,-1,-1
TS 034,S   ,110,123,3,3,-1,-1
TS 050,MO4 ,110,123,1,3,-1,-1
TS 050,MO4 ,110,123,3,3,-1,-1
TS 050,WHS ,110,123,1,3,-1,-1
TS 050,WHS ,110,123,3,3,-1,-1
TS 052,S   ,110,123,2,3,-1,-1
TS 052,S   ,110,123,4,3,-1,-1
TS 055,S   ,110,123,2,3,-1,-1
TS 055,S   ,110,123,4,3,-1,-1
TS 060,B   ,77,88,2,3,-1,-1
TS 060,B   ,77,88,4,3,-1,-1
TS 060,MO4 ,110,123,1,3,-1,-1
TS 060,MO4 ,110,123,3,3,-1,-1
TS 060,S   ,110,123,1,3,-1,-1
TS 060,S   ,110,123,3,3,-1,-1
TS 060,WHS ,110,123,1,3,-1,-1
TS 060,WHS ,110,123,3,3,-1,-1
TS 070,B   ,54,60,1,3,-1,-1
TS 070,B   ,54,60,2,3,-1,-1
TS 070,B   ,54,60,3,3,-1,-1
TS 070,B   ,54,60,4,3,-1,-1
TS 070,MA2 ,110,123,2,3,-1,-1
TS 070,MA2 ,110,123,4,3,-1,-1
TS 070,MO4 ,110,123,1,3,-1,-1
TS 070,MO4 ,110,123,3,3,-1,-1
TS 070,MOS ,110,123,1,3,-1,-1
TS 070,MOS ,110,123,3,3,-1,-1
TS 070,SP  ,110,123,2,3,-1,-1
TS 070,SP  ,110,123,4,3,-1,-1
TS 070,WHS ,110,123,1,3,-1,-1
TS 070,WHS ,110,123,3,3,-1,-1
TS 077,A   ,75,85,1,3,-1,-1
TS 077,A   ,75,85,3,3,-1,-1
TS 080,MA2 ,110,123,2,3,-1,-1
TS 080,MA2 ,110,123,4,3,-1,-1
TS 080,MO4 ,110,123,1,3,-1,-1
TS 080,MO4 ,110,123,3,3,-1,-1
TS 080,MOS ,110,123,1,3,-1,-1
TS 080,MOS ,110,123,3,3,-1,-1
TS 080,SP  ,110,123,2,3,-1,-1
TS 080,SP  ,110,123,4,3,-1,-1
TS 081,A   ,68,74,1,3,-1,-1
TS 081,A   ,68,74,2,3,-1,-1
TS 081,A   ,68,74,3,3,-1,-1
TS 081,A   ,68,74,4,3,-1,-1
TS 087,WHS ,110,123,2,3,-1,-1
TS 087,WHS ,110,123,4,3,-1,-1
TS 091,A   ,54,60,1,3,-1,-1
TS 091,A   ,54,60,2,3,-1,-1
TS 091,A   ,54,60,3,3,-1,-1
TS 091,A   ,54,60,4,3,-1,-1
TS 094,A   ,54,60,1,3,-1,-1
TS 094,A   ,54,60,2,3,-1,-1
TS 094,A   ,54,60,3,3,-1,-1
TS 094,A   ,54,60,4,3,-1,-1
TS 094,MOS ,110,123,2,3,-1,-1
TS 094,MOS ,110,123,4,3,-1,-1
TS 097,MO3 ,110,123,2,3,-1,-1
TS 097,MO3 ,110,123,4,3,-1,-1
TS 097,WHS ,110,123,2,3,-1,-1
TS 097,WHS ,110,123,4,3,-1,-1
TS 098,A   ,61,67,1,3,-1,-1
TS 098,A   ,61,67,2,3,-1,-1
TS 098,A   ,61,67,3,3,-1,-1
TS 098,A   ,61,67,4,3,-1,-1
TS 098,C   ,75,81,1,3,-1,-1
TS 098,C   ,75,81,2,3,-1,-1
TS 098,C   ,75,81,3,3,-1,-1
TS 098,C   ,75,81,4,3,-1,-1
TS 098,MO3 ,110,123,2,3,-1,-1
TS 098,MO3 ,110,123,4,3,-1,-1
WELD 101,HY  ,49,61,1,3,-1,-1
WELD 101,HY  ,49,61,3,3,-1,-1
WELD 150,IB  ,73,85,2,3,-1,-1
WELD 150,IB  ,73,85,4,3,-1,-1
WELD 150,T   ,101,115,2,3,-1,-1
WELD 150,T   ,101,115,4,3,-1,-1
WELD 213,C   ,92,105,1,3,-1,-1
WELD 213,C   ,92,105,2,3,-1,-1
WELD 213,C   ,92,105,3,3,-1,-1
WELD 213,C   ,92,105,4,3,-1,-1
WELD 216,A   ,73,83,1,3,-1,-1
WELD 216,A   ,73,83,2,3,-1,-1
WELD 216,A   ,73,83,3,3,-1,-1
WELD 225,T   ,103,113,2,3,-1,-1
WELD 225,T   ,103,113,4,3,-1,-1
WELD 226,T   ,103,113,2,3,-1,-1
WELD 226,T   ,103,113,4,3,-1,-1
WELD 287,S   ,115,140,2,3,-1,-1
WELD 287,S   ,115,140,4,3,-1,-1
