CourseNumber,StartTimeID,EndTimeID,DayID,QuarterID,Year,Status
ACCT 110HY  ,61,67,2,1,-1,-1
ACCT 110HY  ,61,67,4,1,-1,-1
ACCT 110HY1 ,61,67,1,1,-1,-1
ACCT 110HY1 ,61,67,3,1,-1,-1
ACCT 210HY  ,44,53,1,1,-1,-1
ACCT 210HY  ,44,53,3,1,-1,-1
ACCT& 201HY1 ,54,67,2,1,-1,-1
ACCT& 201HY1 ,54,67,4,1,-1,-1
ACCT& 201HY2 ,47,60,1,1,-1,-1
ACCT& 201HY2 ,47,60,3,1,-1,-1
ACCT& 201MO  ,77,90,1,1,-1,-1
ACCT& 201MO  ,77,90,3,1,-1,-1
ACCT& 202HY  ,54,67,1,1,-1,-1
ACCT& 202HY  ,54,67,3,1,-1,-1
AEP 067A   ,61,69,1,1,-1,-1
AEP 067A   ,61,69,3,1,-1,-1
AEP 067B   ,61,69,2,1,-1,-1
AEP 067B   ,61,69,4,1,-1,-1
AEP 077A   ,54,59,1,1,-1,-1
AEP 077A   ,54,59,2,1,-1,-1
AEP 077A   ,54,59,3,1,-1,-1
AEP 077A   ,54,59,4,1,-1,-1
AEP 077B   ,54,59,1,1,-1,-1
AEP 077B   ,54,59,2,1,-1,-1
AEP 077B   ,54,59,3,1,-1,-1
AEP 077B   ,54,59,4,1,-1,-1
AEP 097A   ,75,81,1,1,-1,-1
AEP 097A   ,75,81,2,1,-1,-1
AEP 097A   ,75,81,3,1,-1,-1
AEP 097A   ,75,81,4,1,-1,-1
AEP 097B   ,75,81,1,1,-1,-1
AEP 097B   ,75,81,2,1,-1,-1
AEP 097B   ,75,81,3,1,-1,-1
AEP 097B   ,75,81,4,1,-1,-1
AEP 098A   ,61,67,1,1,-1,-1
AEP 098A   ,61,67,2,1,-1,-1
AEP 098A   ,61,67,3,1,-1,-1
AEP 098A   ,61,67,4,1,-1,-1
AEP 098B   ,75,81,1,1,-1,-1
AEP 098B   ,75,81,2,1,-1,-1
AEP 098B   ,75,81,3,1,-1,-1
AEP 098B   ,75,81,4,1,-1,-1
ANTH 116DHY  ,61,72,2,1,-1,-1
ANTH 116DHY  ,61,72,4,1,-1,-1
ANTH& 115HY  ,61,72,1,1,-1,-1
ANTH& 115HY  ,61,72,3,1,-1,-1
ANTH& 206DA   ,47,53,1,1,-1,-1
ANTH& 206DA   ,47,53,2,1,-1,-1
ANTH& 206DA   ,47,53,3,1,-1,-1
ANTH& 206DA   ,47,53,4,1,-1,-1
ART 110A   ,49,60,1,1,-1,-1
ART 110A   ,49,60,3,1,-1,-1
ART 110A   ,49,60,5,1,-1,-1
ART 110B   ,61,72,1,1,-1,-1
ART 110B   ,61,72,3,1,-1,-1
ART 110B   ,61,72,5,1,-1,-1
ART 110S   ,110,127,2,1,-1,-1
ART 110S   ,110,127,4,1,-1,-1
ART 113A   ,55,77,5,1,-1,-1
ART 114A   ,55,77,5,1,-1,-1
ART 115B   ,82,99,1,1,-1,-1
ART 115B   ,82,99,3,1,-1,-1
ART 123A   ,61,78,1,1,-1,-1
ART 123A   ,61,78,3,1,-1,-1
ART 124DHY1 ,61,72,1,1,-1,-1
ART 124DHY1 ,61,72,3,1,-1,-1
ART 124DHY2 ,61,72,2,1,-1,-1
ART 124DHY2 ,61,72,4,1,-1,-1
ART 124DMO  ,91,104,2,1,-1,-1
ART 124DMO  ,91,104,4,1,-1,-1
ART 200A   ,82,99,2,1,-1,-1
ART 200A   ,82,99,4,1,-1,-1
ART 201A   ,82,99,2,1,-1,-1
ART 201A   ,82,99,4,1,-1,-1
ART 230CS  ,109,133,4,1,-1,-1
ART 231CS  ,109,133,3,1,-1,-1
ART 240S   ,103,120,1,1,-1,-1
ART 240S   ,103,120,3,1,-1,-1
ART 241S   ,103,120,1,1,-1,-1
ART 241S   ,103,120,3,1,-1,-1
ART 242S   ,103,120,1,1,-1,-1
ART 242S   ,103,120,3,1,-1,-1
ART 243S   ,103,120,1,1,-1,-1
ART 243S   ,103,120,3,1,-1,-1
ART 270S   ,110,127,2,1,-1,-1
ART 270S   ,110,127,4,1,-1,-1
ART 271S   ,110,127,2,1,-1,-1
ART 271S   ,110,127,4,1,-1,-1
ART 272S   ,110,127,2,1,-1,-1
ART 272S   ,110,127,4,1,-1,-1
ART 275A   ,97,103,2,1,-1,-1
ART 275A   ,97,103,4,1,-1,-1
ART 295HY  ,61,72,2,1,-1,-1
ART 295HY  ,61,72,4,1,-1,-1
ASL& 221CE  ,103,116,1,1,-1,-1
ASL& 221CE  ,103,116,3,1,-1,-1
ASTR& 101A   ,61,72,1,1,-1,-1
ASTR& 101A   ,61,72,3,1,-1,-1
ASTR& 101A   ,61,72,5,1,-1,-1
ATM SA   ,77,94,2,1,-1,-1
ATM SA   ,77,94,4,1,-1,-1
BIOL 105HY  ,75,80,1,1,-1,-1
BIOL 105HY  ,75,80,2,1,-1,-1
BIOL 105HY  ,75,80,3,1,-1,-1
BIOL 105HY  ,75,80,4,1,-1,-1
BIOL 107S   ,103,120,2,1,-1,-1
BIOL 107S   ,103,120,4,1,-1,-1
BIOL& 100B   ,49,60,2,1,-1,-1
BIOL& 100B   ,49,60,4,1,-1,-1
BIOL& 100MO  ,105,123,1,1,-1,-1
BIOL& 100MO  ,105,123,3,1,-1,-1
BIOL& 211B   ,49,54,1,1,-1,-1
BIOL& 211B   ,49,54,5,1,-1,-1
BIOL& 211C   ,61,66,1,1,-1,-1
BIOL& 211D   ,61,66,1,1,-1,-1
BIOL& 211LC1 ,67,72,1,1,-1,-1
BIOL& 211LC1 ,67,72,2,1,-1,-1
BIOL& 211LC1 ,67,72,3,1,-1,-1
BIOL& 211LC1 ,67,72,4,1,-1,-1
BIOL& 211LC2 ,67,72,1,1,-1,-1
BIOL& 211LC2 ,67,72,2,1,-1,-1
BIOL& 211LC2 ,67,72,3,1,-1,-1
BIOL& 211LC2 ,67,72,4,1,-1,-1
BIOL& 211PPS1 ,55,60,1,1,-1,-1
BIOL& 211PPS2 ,67,72,1,1,-1,-1
BIOL& 221A   ,61,66,1,1,-1,-1
BIOL& 221A   ,61,66,5,1,-1,-1
BIOL& 221B   ,61,66,1,1,-1,-1
BIOL& 221B   ,61,66,5,1,-1,-1
BIOL& 221PPS1 ,67,72,1,1,-1,-1
BIOL& 223A   ,55,60,1,1,-1,-1
BIOL& 223A   ,55,60,2,1,-1,-1
BIOL& 223A   ,55,60,3,1,-1,-1
BIOL& 223A   ,55,60,4,1,-1,-1
BIOL& 232B   ,49,59,2,1,-1,-1
BIOL& 232B   ,49,59,3,1,-1,-1
BIOL& 232B   ,49,59,4,1,-1,-1
BIOL& 232C   ,61,72,2,1,-1,-1
BIOL& 232C   ,61,72,4,1,-1,-1
BIOL& 260S   ,103,114,2,1,-1,-1
BIOL& 260S   ,103,114,4,1,-1,-1
BOT 115DA   ,61,72,2,1,-1,-1
BOT 115DA   ,61,72,4,1,-1,-1
BOT 115DB   ,61,72,2,1,-1,-1
BOT 115DB   ,61,72,4,1,-1,-1
BT 100HY  ,54,60,1,1,-1,-1
BT 100HY  ,54,60,2,1,-1,-1
BT 100HY  ,54,60,3,1,-1,-1
BT 100HY  ,54,60,4,1,-1,-1
BT 100MH  ,105,118,1,1,-1,-1
BT 100MH  ,105,118,3,1,-1,-1
BT 103HY  ,82,88,1,1,-1,-1
BT 105S   ,103,116,2,1,-1,-1
BT 105S   ,103,116,4,1,-1,-1
BT 115HY  ,68,74,1,1,-1,-1
BT 115HY  ,68,74,2,1,-1,-1
BT 115HY  ,68,74,3,1,-1,-1
BT 115HY  ,68,74,4,1,-1,-1
BT 130T   ,117,130,2,1,-1,-1
BT 130T   ,117,130,4,1,-1,-1
BT 145HY  ,54,60,1,1,-1,-1
BT 145HY  ,54,60,2,1,-1,-1
BT 145HY  ,54,60,3,1,-1,-1
BT 145HY  ,54,60,4,1,-1,-1
BT 146HY  ,54,60,1,1,-1,-1
BT 146HY  ,54,60,2,1,-1,-1
BT 146HY  ,54,60,3,1,-1,-1
BT 146HY  ,54,60,4,1,-1,-1
BT 147HY  ,54,60,1,1,-1,-1
BT 147HY  ,54,60,2,1,-1,-1
BT 147HY  ,54,60,3,1,-1,-1
BT 147HY  ,54,60,4,1,-1,-1
BT 175HY  ,75,88,2,1,-1,-1
BT 175HY  ,75,88,4,1,-1,-1
BT 180HY  ,75,81,1,1,-1,-1
BT 180HY  ,75,81,2,1,-1,-1
BT 180HY  ,75,81,3,1,-1,-1
BT 180HY  ,75,81,4,1,-1,-1
BT 219T   ,117,130,2,1,-1,-1
BT 219T   ,117,130,4,1,-1,-1
BT 240T   ,117,130,2,1,-1,-1
BT 240T   ,117,130,4,1,-1,-1
BT 242HY  ,68,74,1,1,-1,-1
BT 242HY  ,68,74,2,1,-1,-1
BT 242HY  ,68,74,3,1,-1,-1
BT 242HY  ,68,74,4,1,-1,-1
BT 242MH  ,105,118,1,1,-1,-1
BT 242MH  ,105,118,3,1,-1,-1
BT 252S   ,103,116,2,1,-1,-1
BT 252S   ,103,116,4,1,-1,-1
BUS 104HY  ,61,67,1,1,-1,-1
BUS 104HY  ,61,67,2,1,-1,-1
BUS 104HY  ,61,67,3,1,-1,-1
BUS 104HY  ,61,67,4,1,-1,-1
BUS 105HY  ,54,60,2,1,-1,-1
BUS 105HY  ,54,60,4,1,-1,-1
BUS 110DHY1 ,54,60,1,1,-1,-1
BUS 110DHY1 ,54,60,2,1,-1,-1
BUS 110DHY1 ,54,60,3,1,-1,-1
BUS 110DHY1 ,54,60,4,1,-1,-1
BUS 110DHY2 ,75,81,1,1,-1,-1
BUS 110DHY2 ,75,81,2,1,-1,-1
BUS 110DHY2 ,75,81,3,1,-1,-1
BUS 110DHY2 ,75,81,4,1,-1,-1
BUS 130HY2 ,68,74,1,1,-1,-1
BUS 130HY2 ,68,74,2,1,-1,-1
BUS 130HY2 ,68,74,3,1,-1,-1
BUS 130HY2 ,68,74,4,1,-1,-1
BUS 130HYB ,68,74,1,1,-1,-1
BUS 130HYB ,68,74,2,1,-1,-1
BUS 130HYB ,68,74,3,1,-1,-1
BUS 130HYB ,68,74,4,1,-1,-1
BUS 130S   ,103,116,2,1,-1,-1
BUS 130S   ,103,116,4,1,-1,-1
BUS 150HY  ,68,74,2,1,-1,-1
BUS 150HY  ,68,74,4,1,-1,-1
BUS 154HY  ,75,88,1,1,-1,-1
BUS 154HY  ,75,88,3,1,-1,-1
BUS 165HY1 ,68,74,1,1,-1,-1
BUS 165HY1 ,68,74,2,1,-1,-1
BUS 165HY1 ,68,74,3,1,-1,-1
BUS 165HY1 ,68,74,4,1,-1,-1
BUS 295S   ,103,116,2,1,-1,-1
BUS 295S   ,103,116,4,1,-1,-1
BUS& 101HY1 ,54,60,1,1,-1,-1
BUS& 101HY1 ,54,60,3,1,-1,-1
BUS& 101HY2 ,68,74,1,1,-1,-1
BUS& 101HY2 ,68,74,3,1,-1,-1
BUS& 101HY3 ,61,67,1,1,-1,-1
BUS& 101HY3 ,61,67,3,1,-1,-1
BUS& 101HY4 ,61,67,2,1,-1,-1
BUS& 101HY4 ,61,67,4,1,-1,-1
BUS& 101HY5 ,47,53,2,1,-1,-1
BUS& 101HY5 ,47,53,4,1,-1,-1
BUS& 101MH  ,105,118,2,1,-1,-1
BUS& 101MH  ,105,118,4,1,-1,-1
BUS& 201HY  ,68,74,1,1,-1,-1
BUS& 201HY  ,68,74,2,1,-1,-1
BUS& 201HY  ,68,74,3,1,-1,-1
BUS& 201HY  ,68,74,4,1,-1,-1
CHEM& 121LC1 ,61,66,1,1,-1,-1
CHEM& 121LC1 ,61,66,2,1,-1,-1
CHEM& 121LC1 ,61,66,3,1,-1,-1
CHEM& 121LC1 ,61,66,4,1,-1,-1
CHEM& 121LC2 ,61,66,1,1,-1,-1
CHEM& 121LC2 ,61,66,2,1,-1,-1
CHEM& 121LC2 ,61,66,3,1,-1,-1
CHEM& 121LC2 ,61,66,4,1,-1,-1
CHEM& 140A   ,49,60,1,1,-1,-1
CHEM& 140A   ,49,60,3,1,-1,-1
CHEM& 140HY  ,55,60,4,1,-1,-1
CHEM& 140S   ,107,118,2,1,-1,-1
CHEM& 140S   ,107,118,4,1,-1,-1
CHEM& 161F   ,88,99,1,1,-1,-1
CHEM& 161F   ,88,99,3,1,-1,-1
CHEM& 162A   ,61,66,1,1,-1,-1
CHEM& 162A   ,61,66,2,1,-1,-1
CHEM& 162A   ,61,66,3,1,-1,-1
CHEM& 162A   ,61,66,4,1,-1,-1
CHEM& 162B   ,61,66,1,1,-1,-1
CHEM& 162B   ,61,66,2,1,-1,-1
CHEM& 162B   ,61,66,3,1,-1,-1
CHEM& 162B   ,61,66,4,1,-1,-1
CHEM& 261B   ,75,86,1,1,-1,-1
CHEM& 261B   ,75,86,3,1,-1,-1
CHIN& 121A   ,47,60,2,1,-1,-1
CHIN& 121A   ,47,60,4,1,-1,-1
CJ 103A   ,61,67,1,1,-1,-1
CJ 103A   ,61,67,2,1,-1,-1
CJ 103A   ,61,67,3,1,-1,-1
CJ 103A   ,61,67,4,1,-1,-1
CJ 203HY  ,75,84,1,1,-1,-1
CJ 203HY  ,75,84,3,1,-1,-1
CJ& 101HY1 ,49,58,1,1,-1,-1
CJ& 101HY1 ,49,58,3,1,-1,-1
CJ& 101HY2 ,61,70,1,1,-1,-1
CJ& 101HY2 ,61,70,3,1,-1,-1
CJ& 110HY  ,75,84,1,1,-1,-1
CJ& 110HY  ,75,84,3,1,-1,-1
CL 101HY1 ,54,60,1,1,-1,-1
CL 101HY1 ,54,60,2,1,-1,-1
CL 101HY1 ,54,60,3,1,-1,-1
CL 101HY1 ,54,60,4,1,-1,-1
CL 101HY2 ,61,67,1,1,-1,-1
CL 101HY2 ,61,67,2,1,-1,-1
CL 101HY2 ,61,67,3,1,-1,-1
CL 101HY2 ,61,67,4,1,-1,-1
CL 101HY3 ,75,81,1,1,-1,-1
CL 101HY3 ,75,81,2,1,-1,-1
CL 101HY3 ,75,81,3,1,-1,-1
CL 101HY3 ,75,81,4,1,-1,-1
CL 101HYB ,61,67,1,1,-1,-1
CL 101HYB ,61,67,2,1,-1,-1
CL 101HYB ,61,67,3,1,-1,-1
CL 101HYB ,61,67,4,1,-1,-1
CL 101MH  ,105,118,1,1,-1,-1
CL 101MH  ,105,118,3,1,-1,-1
CL 101S   ,103,116,2,1,-1,-1
CL 101S   ,103,116,4,1,-1,-1
CL 102HY  ,82,88,1,1,-1,-1
CL 102MH  ,105,118,1,1,-1,-1
CL 102MH  ,105,118,3,1,-1,-1
CL 103HY  ,82,88,1,1,-1,-1
CL 103MH  ,105,118,1,1,-1,-1
CL 103MH  ,105,118,3,1,-1,-1
CL 104HY  ,82,88,1,1,-1,-1
CL 104MH  ,105,117,1,1,-1,-1
CL 104MH  ,105,117,3,1,-1,-1
CL 105HY  ,82,88,1,1,-1,-1
CL 105MH  ,105,118,1,1,-1,-1
CL 105MH  ,105,118,3,1,-1,-1
CL 106HY  ,82,88,1,1,-1,-1
CL 106MH  ,105,118,1,1,-1,-1
CL 106MH  ,105,118,3,1,-1,-1
CL 107HY  ,82,88,1,1,-1,-1
CL 107MH  ,105,118,1,1,-1,-1
CL 107MH  ,105,118,3,1,-1,-1
CL 110HY  ,61,67,1,1,-1,-1
CL 110HY  ,61,67,2,1,-1,-1
CL 110HY  ,61,67,3,1,-1,-1
CL 110HY  ,61,67,4,1,-1,-1
CMST 204DHY  ,61,70,2,1,-1,-1
CMST 204DHY  ,61,70,4,1,-1,-1
CMST 223A   ,68,74,1,1,-1,-1
CMST 223A   ,68,74,2,1,-1,-1
CMST 223A   ,68,74,3,1,-1,-1
CMST 223A   ,68,74,4,1,-1,-1
CMST& 102HY  ,103,118,1,1,-1,-1
CMST& 210S   ,103,116,1,1,-1,-1
CMST& 210S   ,103,116,3,1,-1,-1
CMST& 210T   ,117,130,2,1,-1,-1
CMST& 210T   ,117,130,4,1,-1,-1
CMST& 220A   ,54,60,1,1,-1,-1
CMST& 220A   ,54,60,2,1,-1,-1
CMST& 220A   ,54,60,3,1,-1,-1
CMST& 220A   ,54,60,4,1,-1,-1
CMST& 220B   ,61,67,1,1,-1,-1
CMST& 220B   ,61,67,2,1,-1,-1
CMST& 220B   ,61,67,3,1,-1,-1
CMST& 220B   ,61,67,4,1,-1,-1
CMST& 220C   ,68,74,1,1,-1,-1
CMST& 220C   ,68,74,2,1,-1,-1
CMST& 220C   ,68,74,3,1,-1,-1
CMST& 220C   ,68,74,4,1,-1,-1
CMST& 220D   ,75,88,2,1,-1,-1
CMST& 220D   ,75,88,4,1,-1,-1
CMST& 220MO  ,49,62,1,1,-1,-1
CMST& 220MO  ,49,62,3,1,-1,-1
CMST& 220S   ,103,116,2,1,-1,-1
CMST& 220S   ,103,116,4,1,-1,-1
CMST& 220T   ,117,130,1,1,-1,-1
CMST& 220T   ,117,130,3,1,-1,-1
CMST& 230HY  ,61,72,1,1,-1,-1
CMST& 230HY  ,61,72,3,1,-1,-1
COLL 101B   ,48,53,2,1,-1,-1
COLL 101B   ,48,53,4,1,-1,-1
COLL 101F   ,55,60,1,1,-1,-1
COLL 101F   ,55,60,2,1,-1,-1
COLL 101F   ,55,60,3,1,-1,-1
COLL 101F   ,55,60,4,1,-1,-1
COLL 101HY3 ,56,74,2,1,-1,-1
COLL 101HY3 ,56,74,4,1,-1,-1
COLL 101M   ,75,86,2,1,-1,-1
COLL 101M   ,75,86,4,1,-1,-1
COLL 101MOH ,77,84,2,1,-1,-1
COLL 101MOH ,77,84,4,1,-1,-1
COLL 101O   ,75,86,2,1,-1,-1
COLL 101O   ,75,86,4,1,-1,-1
COLL 101P   ,82,88,2,1,-1,-1
COLL 101P   ,82,88,4,1,-1,-1
COLL 101T   ,97,102,1,1,-1,-1
COLL 101T   ,97,102,3,1,-1,-1
COLL 101U   ,104,114,2,1,-1,-1
COSMT 112HY  ,49,59,2,1,-1,-1
COSMT 120HY  ,77,85,2,1,-1,-1
COSMT 201A   ,49,97,1,1,-1,-1
COSMT 201A   ,49,97,3,1,-1,-1
COSMT 201A   ,49,97,4,1,-1,-1
COSMT 201A   ,49,97,5,1,-1,-1
COSMT 201C   ,49,73,1,1,-1,-1
COSMT 201C   ,49,73,5,1,-1,-1
COSMT 204A   ,49,97,1,1,-1,-1
COSMT 204A   ,49,97,2,1,-1,-1
COSMT 204A   ,49,97,3,1,-1,-1
COSMT 204A   ,49,97,5,1,-1,-1
COSMT 204B   ,49,109,2,1,-1,-1
COSMT 204B   ,49,109,4,1,-1,-1
COSMT 204B   ,49,109,7,1,-1,-1
COSMT 206A   ,49,97,1,1,-1,-1
COSMT 206A   ,49,97,2,1,-1,-1
COSMT 206A   ,49,97,3,1,-1,-1
COSMT 206A   ,49,97,5,1,-1,-1
COSMT 206B   ,49,109,7,1,-1,-1
CS 110B   ,51,59,1,1,-1,-1
CS 110B   ,51,59,2,1,-1,-1
CS 110B   ,51,59,3,1,-1,-1
CS 110B   ,51,59,4,1,-1,-1
CS 110C   ,61,69,1,1,-1,-1
CS 110C   ,61,69,2,1,-1,-1
CS 110C   ,61,69,3,1,-1,-1
CS 110C   ,61,69,4,1,-1,-1
CS 110S   ,103,119,2,1,-1,-1
CS 110S   ,103,119,4,1,-1,-1
CS 132A   ,75,91,2,1,-1,-1
CS 132A   ,75,91,4,1,-1,-1
CS 260A   ,75,91,2,1,-1,-1
CS 260A   ,75,91,4,1,-1,-1
CS& 131A   ,61,69,1,1,-1,-1
CS& 131A   ,61,69,2,1,-1,-1
CS& 131A   ,61,69,3,1,-1,-1
CS& 131A   ,61,69,4,1,-1,-1
CS& 131B   ,75,91,1,1,-1,-1
CS& 131B   ,75,91,3,1,-1,-1
CS& 131S   ,103,119,1,1,-1,-1
CS& 131S   ,103,119,3,1,-1,-1
CS& 141A   ,75,91,1,1,-1,-1
CS& 141A   ,75,91,3,1,-1,-1
CT 101S   ,103,122,1,1,-1,-1
CT 101S   ,103,122,3,1,-1,-1
CT 102A   ,47,81,1,1,-1,-1
CT 102A   ,47,81,2,1,-1,-1
CT 102A   ,47,81,3,1,-1,-1
CT 102A   ,47,81,4,1,-1,-1
DEVED 096A   ,75,81,1,1,-1,-1
DEVED 096A   ,75,81,2,1,-1,-1
DEVED 096A   ,75,81,3,1,-1,-1
DEVED 096A   ,75,81,4,1,-1,-1
DEVED 099A   ,82,87,1,1,-1,-1
DEVED 099A   ,82,87,2,1,-1,-1
DEVED 099A   ,82,87,3,1,-1,-1
DEVED 099A   ,82,87,4,1,-1,-1
DEVED 100A   ,82,87,1,1,-1,-1
DEVED 100A   ,82,87,2,1,-1,-1
DEVED 100A   ,82,87,3,1,-1,-1
DEVED 100A   ,82,87,4,1,-1,-1
DEVED 100B   ,82,87,1,1,-1,-1
DEVED 100B   ,82,87,2,1,-1,-1
DEVED 100B   ,82,87,3,1,-1,-1
DEVED 100B   ,82,87,4,1,-1,-1
DEVED 104A   ,54,60,1,1,-1,-1
DEVED 104A   ,54,60,2,1,-1,-1
DEVED 104A   ,54,60,3,1,-1,-1
DEVED 104A   ,54,60,4,1,-1,-1
DRMA 100A   ,82,97,1,1,-1,-1
DRMA 100A   ,82,97,2,1,-1,-1
DRMA 100A   ,82,97,3,1,-1,-1
DRMA 100A   ,82,97,4,1,-1,-1
DRMA 102HY  ,61,66,1,1,-1,-1
DRMA 102HY  ,61,66,2,1,-1,-1
DRMA 102HY  ,61,66,3,1,-1,-1
DRMA 102HY  ,61,66,4,1,-1,-1
DRMA 130HY  ,68,73,1,1,-1,-1
DRMA 130HY  ,68,73,2,1,-1,-1
DRMA 130HY  ,68,73,3,1,-1,-1
DRMA 130HY  ,68,73,4,1,-1,-1
ECED& 120HY  ,106,116,2,1,-1,-1
ECON 101DMH  ,63,76,2,1,-1,-1
ECON 101DMH  ,63,76,4,1,-1,-1
ECON& 201HY  ,54,60,1,1,-1,-1
ECON& 201HY  ,54,60,2,1,-1,-1
ECON& 201HY  ,54,60,3,1,-1,-1
ECON& 201HY  ,54,60,4,1,-1,-1
ECON& 202HY  ,61,67,1,1,-1,-1
ECON& 202HY  ,61,67,2,1,-1,-1
ECON& 202HY  ,61,67,3,1,-1,-1
ECON& 202HY  ,61,67,4,1,-1,-1
EDUC 256HY1 ,86,91,2,1,-1,-1
EDUC 256HY2 ,86,91,2,1,-1,-1
EDUC 256HY3 ,86,91,2,1,-1,-1
EDUC& 202HY1 ,75,85,2,1,-1,-1
EDUC& 202HY1 ,75,85,4,1,-1,-1
EDUC& 202HY2 ,103,116,1,1,-1,-1
ELA 010A   ,61,74,1,1,-1,-1
ELA 010A   ,61,74,2,1,-1,-1
ELA 010A   ,61,74,3,1,-1,-1
ELA 010A   ,61,74,4,1,-1,-1
ELA 010MO1 ,110,131,2,1,-1,-1
ELA 010MO1 ,110,131,3,1,-1,-1
ELA 010MO1 ,110,131,4,1,-1,-1
ELA 010MR1 ,110,128,2,1,-1,-1
ELA 010MR1 ,110,128,3,1,-1,-1
ELA 010MR1 ,110,128,4,1,-1,-1
ELA 010S   ,110,128,2,1,-1,-1
ELA 010S   ,110,128,3,1,-1,-1
ELA 010S   ,110,128,4,1,-1,-1
ELA 020A   ,61,74,1,1,-1,-1
ELA 020A   ,61,74,2,1,-1,-1
ELA 020A   ,61,74,3,1,-1,-1
ELA 020A   ,61,74,4,1,-1,-1
ELA 020B   ,77,90,1,1,-1,-1
ELA 020B   ,77,90,2,1,-1,-1
ELA 020B   ,77,90,3,1,-1,-1
ELA 020B   ,77,90,4,1,-1,-1
ELA 020MO1 ,110,131,2,1,-1,-1
ELA 020MO1 ,110,131,3,1,-1,-1
ELA 020MO1 ,110,131,4,1,-1,-1
ELA 020MO2 ,110,131,2,1,-1,-1
ELA 020MO2 ,110,131,3,1,-1,-1
ELA 020MO2 ,110,131,4,1,-1,-1
ELA 020MR2 ,110,128,2,1,-1,-1
ELA 020MR2 ,110,128,3,1,-1,-1
ELA 020MR2 ,110,128,4,1,-1,-1
ELA 020S   ,110,128,2,1,-1,-1
ELA 020S   ,110,128,3,1,-1,-1
ELA 020S   ,110,128,4,1,-1,-1
ELA 020T   ,110,128,2,1,-1,-1
ELA 020T   ,110,128,3,1,-1,-1
ELA 020T   ,110,128,4,1,-1,-1
ELA 030A   ,61,74,1,1,-1,-1
ELA 030A   ,61,74,2,1,-1,-1
ELA 030A   ,61,74,3,1,-1,-1
ELA 030A   ,61,74,4,1,-1,-1
ELA 030B   ,77,90,1,1,-1,-1
ELA 030B   ,77,90,2,1,-1,-1
ELA 030B   ,77,90,3,1,-1,-1
ELA 030B   ,77,90,4,1,-1,-1
ELA 030MO2 ,110,131,2,1,-1,-1
ELA 030MO2 ,110,131,3,1,-1,-1
ELA 030MO2 ,110,131,4,1,-1,-1
ELA 030MR3 ,110,128,2,1,-1,-1
ELA 030MR3 ,110,128,3,1,-1,-1
ELA 030MR3 ,110,128,4,1,-1,-1
ELA 030T   ,110,128,2,1,-1,-1
ELA 030T   ,110,128,3,1,-1,-1
ELA 030T   ,110,128,4,1,-1,-1
EMS 151S   ,112,133,1,1,-1,-1
EMS 151S   ,112,133,3,1,-1,-1
ENG TS   ,103,119,2,1,-1,-1
ENG TS   ,103,119,4,1,-1,-1
ENG TA   ,83,97,2,1,-1,-1
ENG TA   ,83,97,4,1,-1,-1
ENG TS   ,83,97,2,1,-1,-1
ENG TS   ,83,97,4,1,-1,-1
ENG TS   ,103,119,2,1,-1,-1
ENG TS   ,103,119,4,1,-1,-1
ENG TA   ,81,97,1,1,-1,-1
ENG TA   ,81,97,3,1,-1,-1
ENG TA   ,81,97,1,1,-1,-1
ENG TA   ,81,97,3,1,-1,-1
ENG TS   ,103,119,1,1,-1,-1
ENG TS   ,103,119,3,1,-1,-1
ENG TS   ,103,119,2,1,-1,-1
ENG TS   ,103,119,4,1,-1,-1
ENG TA   ,66,76,2,1,-1,-1
ENG TA   ,66,76,4,1,-1,-1
ENG TA   ,66,76,2,1,-1,-1
ENG TA   ,66,76,4,1,-1,-1
ENG TS   ,103,119,1,1,-1,-1
ENG TS   ,103,119,3,1,-1,-1
ENGL 097A   ,54,60,1,1,-1,-1
ENGL 097A   ,54,60,2,1,-1,-1
ENGL 097A   ,54,60,3,1,-1,-1
ENGL 097A   ,54,60,4,1,-1,-1
ENGL 097B   ,54,60,1,1,-1,-1
ENGL 097B   ,54,60,2,1,-1,-1
ENGL 097B   ,54,60,3,1,-1,-1
ENGL 097B   ,54,60,4,1,-1,-1
ENGL 097C   ,61,67,1,1,-1,-1
ENGL 097C   ,61,67,2,1,-1,-1
ENGL 097C   ,61,67,3,1,-1,-1
ENGL 097C   ,61,67,4,1,-1,-1
ENGL 097E   ,61,67,1,1,-1,-1
ENGL 097E   ,61,67,2,1,-1,-1
ENGL 097E   ,61,67,3,1,-1,-1
ENGL 097E   ,61,67,4,1,-1,-1
ENGL 097F   ,75,81,1,1,-1,-1
ENGL 097F   ,75,81,3,1,-1,-1
ENGL 097S   ,103,116,1,1,-1,-1
ENGL 097S   ,103,116,3,1,-1,-1
ENGL 098A   ,47,53,1,1,-1,-1
ENGL 098A   ,47,53,2,1,-1,-1
ENGL 098A   ,47,53,3,1,-1,-1
ENGL 098A   ,47,53,4,1,-1,-1
ENGL 098AC  ,61,74,1,1,-1,-1
ENGL 098AC  ,61,74,3,1,-1,-1
ENGL 098B   ,54,60,1,1,-1,-1
ENGL 098B   ,54,60,2,1,-1,-1
ENGL 098B   ,54,60,3,1,-1,-1
ENGL 098B   ,54,60,4,1,-1,-1
ENGL 098E   ,61,67,1,1,-1,-1
ENGL 098E   ,61,67,2,1,-1,-1
ENGL 098E   ,61,67,3,1,-1,-1
ENGL 098E   ,61,67,4,1,-1,-1
ENGL 098F   ,68,74,1,1,-1,-1
ENGL 098F   ,68,74,2,1,-1,-1
ENGL 098F   ,68,74,3,1,-1,-1
ENGL 098F   ,68,74,4,1,-1,-1
ENGL 098G   ,75,81,1,1,-1,-1
ENGL 098G   ,75,81,2,1,-1,-1
ENGL 098G   ,75,81,3,1,-1,-1
ENGL 098G   ,75,81,4,1,-1,-1
ENGL 098S   ,103,116,2,1,-1,-1
ENGL 098S   ,103,116,4,1,-1,-1
ENGL 105A   ,82,88,1,1,-1,-1
ENGL 105A   ,82,88,2,1,-1,-1
ENGL 105A   ,82,88,3,1,-1,-1
ENGL 105A   ,82,88,4,1,-1,-1
ENGL 106A   ,54,60,1,1,-1,-1
ENGL 106A   ,54,60,2,1,-1,-1
ENGL 106A   ,54,60,3,1,-1,-1
ENGL 106A   ,54,60,4,1,-1,-1
ENGL 106MO  ,77,90,1,1,-1,-1
ENGL 106MO  ,77,90,3,1,-1,-1
ENGL 108A   ,61,67,1,1,-1,-1
ENGL 108A   ,61,67,2,1,-1,-1
ENGL 108A   ,61,67,3,1,-1,-1
ENGL 108A   ,61,67,4,1,-1,-1
ENGL 108MO  ,77,90,1,1,-1,-1
ENGL 108MO  ,77,90,3,1,-1,-1
ENGL 109A   ,68,74,1,1,-1,-1
ENGL 109A   ,68,74,2,1,-1,-1
ENGL 109A   ,68,74,3,1,-1,-1
ENGL 109A   ,68,74,4,1,-1,-1
ENGL 120DA   ,61,67,1,1,-1,-1
ENGL 120DA   ,61,67,2,1,-1,-1
ENGL 120DA   ,61,67,3,1,-1,-1
ENGL 120DA   ,61,67,4,1,-1,-1
ENGL 166A   ,54,60,1,1,-1,-1
ENGL 166A   ,54,60,2,1,-1,-1
ENGL 166A   ,54,60,3,1,-1,-1
ENGL 166A   ,54,60,4,1,-1,-1
ENGL 168A   ,61,67,1,1,-1,-1
ENGL 168A   ,61,67,2,1,-1,-1
ENGL 168A   ,61,67,3,1,-1,-1
ENGL 168A   ,61,67,4,1,-1,-1
ENGL 169A   ,68,74,1,1,-1,-1
ENGL 169A   ,68,74,2,1,-1,-1
ENGL 169A   ,68,74,3,1,-1,-1
ENGL 169A   ,68,74,4,1,-1,-1
ENGL 206A   ,54,60,1,1,-1,-1
ENGL 206A   ,54,60,2,1,-1,-1
ENGL 206A   ,54,60,3,1,-1,-1
ENGL 206A   ,54,60,4,1,-1,-1
ENGL 208A   ,61,67,1,1,-1,-1
ENGL 208A   ,61,67,2,1,-1,-1
ENGL 208A   ,61,67,3,1,-1,-1
ENGL 208A   ,61,67,4,1,-1,-1
ENGL 209A   ,68,74,1,1,-1,-1
ENGL 209A   ,68,74,2,1,-1,-1
ENGL 209A   ,68,74,3,1,-1,-1
ENGL 209A   ,68,74,4,1,-1,-1
ENGL 251A   ,68,74,1,1,-1,-1
ENGL 251A   ,68,74,2,1,-1,-1
ENGL 251A   ,68,74,3,1,-1,-1
ENGL 251A   ,68,74,4,1,-1,-1
ENGL& 101AC  ,61,74,1,1,-1,-1
ENGL& 101AC  ,61,74,3,1,-1,-1
ENGL& 101MO2 ,91,104,1,1,-1,-1
ENGL& 101MO2 ,91,104,3,1,-1,-1
ENGL& 101T   ,103,116,2,1,-1,-1
ENGL& 101T   ,103,116,4,1,-1,-1
ENGL& 101U   ,110,116,1,1,-1,-1
ENGL& 101U   ,110,116,2,1,-1,-1
ENGL& 101U   ,110,116,3,1,-1,-1
ENGL& 101U   ,110,116,4,1,-1,-1
ENGL& 102A   ,54,60,1,1,-1,-1
ENGL& 102A   ,54,60,2,1,-1,-1
ENGL& 102A   ,54,60,3,1,-1,-1
ENGL& 102A   ,54,60,4,1,-1,-1
ENGL& 102B   ,54,60,1,1,-1,-1
ENGL& 102B   ,54,60,2,1,-1,-1
ENGL& 102B   ,54,60,3,1,-1,-1
ENGL& 102B   ,54,60,4,1,-1,-1
ENGL& 102C   ,61,67,1,1,-1,-1
ENGL& 102C   ,61,67,2,1,-1,-1
ENGL& 102C   ,61,67,3,1,-1,-1
ENGL& 102C   ,61,67,4,1,-1,-1
ENGL& 102E   ,61,67,1,1,-1,-1
ENGL& 102E   ,61,67,2,1,-1,-1
ENGL& 102E   ,61,67,3,1,-1,-1
ENGL& 102E   ,61,67,4,1,-1,-1
ENGL& 102F   ,61,74,1,1,-1,-1
ENGL& 102F   ,61,74,3,1,-1,-1
ENGL& 102H   ,68,74,1,1,-1,-1
ENGL& 102H   ,68,74,3,1,-1,-1
ENGL& 102HN  ,75,88,2,1,-1,-1
ENGL& 102HN  ,75,88,4,1,-1,-1
ENGL& 102I   ,75,81,1,1,-1,-1
ENGL& 102I   ,75,81,2,1,-1,-1
ENGL& 102I   ,75,81,3,1,-1,-1
ENGL& 102I   ,75,81,4,1,-1,-1
ENGL& 102J   ,75,81,1,1,-1,-1
ENGL& 102J   ,75,81,2,1,-1,-1
ENGL& 102J   ,75,81,3,1,-1,-1
ENGL& 102J   ,75,81,4,1,-1,-1
ENGL& 102S   ,103,116,2,1,-1,-1
ENGL& 102S   ,103,116,4,1,-1,-1
ENGL& 111A   ,54,60,1,1,-1,-1
ENGL& 111A   ,54,60,2,1,-1,-1
ENGL& 111A   ,54,60,3,1,-1,-1
ENGL& 111A   ,54,60,4,1,-1,-1
ENGL& 230HY  ,106,114,2,1,-1,-1
ENGL& 235HY  ,106,114,2,1,-1,-1
ENGL& 235HY  ,106,114,4,1,-1,-1
ENGR 101B   ,75,80,1,1,-1,-1
ENGR 101C   ,81,86,1,1,-1,-1
ENGR 101D   ,81,86,1,1,-1,-1
ENGR 111A   ,61,72,1,1,-1,-1
ENGR 111A   ,61,72,3,1,-1,-1
ENGR 111A   ,61,72,5,1,-1,-1
ENGR 111B   ,75,91,1,1,-1,-1
ENGR 111B   ,75,91,3,1,-1,-1
ENGR 111S   ,103,119,1,1,-1,-1
ENGR 111S   ,103,119,3,1,-1,-1
ENGR 121A   ,61,72,1,1,-1,-1
ENGR 121A   ,61,72,3,1,-1,-1
ENGR 121A   ,61,72,4,1,-1,-1
ENGR 121B   ,75,91,1,1,-1,-1
ENGR 121B   ,75,91,3,1,-1,-1
ENGR 201A   ,61,74,2,1,-1,-1
ENGR 201A   ,61,74,4,1,-1,-1
ENGR 201B   ,79,92,2,1,-1,-1
ENGR 201B   ,79,92,4,1,-1,-1
ENGR 202A   ,75,96,2,1,-1,-1
ENGR 202A   ,75,96,4,1,-1,-1
ENGR 220A   ,75,80,1,1,-1,-1
ENGR 298A   ,94,102,2,1,-1,-1
ENGR 298A   ,94,102,4,1,-1,-1
ENGR& 114A   ,49,60,1,1,-1,-1
ENGR& 114A   ,49,60,3,1,-1,-1
ENGR& 114A   ,49,60,4,1,-1,-1
ENGR& 214HY2 ,61,72,1,1,-1,-1
ENGR& 214HY2 ,61,72,3,1,-1,-1
ENGR& 215A   ,52,60,1,1,-1,-1
ENGR& 215A   ,52,60,3,1,-1,-1
ENGR& 215A   ,52,60,5,1,-1,-1
ENGR& 224A   ,61,74,2,1,-1,-1
ENGR& 224A   ,61,74,4,1,-1,-1
ENGR& 224B   ,79,92,2,1,-1,-1
ENGR& 224B   ,79,92,4,1,-1,-1
ENGR& 225S   ,97,110,2,1,-1,-1
ENGR& 225S   ,97,110,4,1,-1,-1
ENVS& 100HY  ,81,86,1,1,-1,-1
ENVS& 100HY  ,81,86,2,1,-1,-1
ENVS& 100HY  ,81,86,3,1,-1,-1
ENVS& 100HY  ,81,86,4,1,-1,-1
FIRE 100S   ,109,136,2,1,-1,-1
FIRE 100S   ,109,136,3,1,-1,-1
FIRE 100S   ,109,136,4,1,-1,-1
FRCH& 121A   ,54,60,1,1,-1,-1
FRCH& 121A   ,54,60,2,1,-1,-1
FRCH& 121A   ,54,60,3,1,-1,-1
FRCH& 121A   ,54,60,4,1,-1,-1
GEOG 101A   ,68,74,1,1,-1,-1
GEOG 101A   ,68,74,2,1,-1,-1
GEOG 101A   ,68,74,3,1,-1,-1
GEOG 101A   ,68,74,4,1,-1,-1
GEOG 201DA   ,61,67,1,1,-1,-1
GEOG 201DA   ,61,67,2,1,-1,-1
GEOG 201DA   ,61,67,3,1,-1,-1
GEOG 201DA   ,61,67,4,1,-1,-1
GEOG 205A   ,49,60,1,1,-1,-1
GEOG 205A   ,49,60,3,1,-1,-1
GEOL& 110A   ,61,72,1,1,-1,-1
GEOL& 110A   ,61,72,3,1,-1,-1
GERM& 121A   ,54,60,1,1,-1,-1
GERM& 121A   ,54,60,2,1,-1,-1
GERM& 121A   ,54,60,3,1,-1,-1
GERM& 121A   ,54,60,4,1,-1,-1
GERM& 121B   ,61,67,1,1,-1,-1
GERM& 121B   ,61,67,2,1,-1,-1
GERM& 121B   ,61,67,3,1,-1,-1
GERM& 121B   ,61,67,4,1,-1,-1
GRAPH 110A   ,61,72,1,1,-1,-1
GRAPH 110A   ,61,72,3,1,-1,-1
GRAPH 110A   ,61,72,5,1,-1,-1
GRAPH 110S   ,103,120,2,1,-1,-1
GRAPH 110S   ,103,120,4,1,-1,-1
GRAPH 130A   ,82,99,2,1,-1,-1
GRAPH 130A   ,82,99,4,1,-1,-1
GRAPH 201A   ,61,78,1,1,-1,-1
GRAPH 201A   ,61,78,3,1,-1,-1
GRAPH 231A   ,82,99,1,1,-1,-1
GRAPH 231A   ,82,99,3,1,-1,-1
GRAPH 240HY  ,49,60,1,1,-1,-1
GRAPH 240HY  ,49,60,3,1,-1,-1
GS 101DA   ,68,74,1,1,-1,-1
GS 101DA   ,68,74,2,1,-1,-1
GS 101DA   ,68,74,3,1,-1,-1
GS 101DA   ,68,74,4,1,-1,-1
GS 105DA   ,75,81,1,1,-1,-1
GS 105DA   ,75,81,2,1,-1,-1
GS 105DA   ,75,81,3,1,-1,-1
GS 105DA   ,75,81,4,1,-1,-1
H DEVA   ,49,58,1,1,-1,-1
H DEVA   ,49,58,3,1,-1,-1
H DEVHY1 ,77,88,3,1,-1,-1
H DEVA   ,82,97,2,1,-1,-1
H DEVHY1 ,89,100,4,1,-1,-1
HIST 103DA   ,68,74,1,1,-1,-1
HIST 103DA   ,68,74,2,1,-1,-1
HIST 103DA   ,68,74,3,1,-1,-1
HIST 103DA   ,68,74,4,1,-1,-1
HIST 111A   ,61,67,1,1,-1,-1
HIST 111A   ,61,67,2,1,-1,-1
HIST 111A   ,61,67,3,1,-1,-1
HIST 111A   ,61,67,4,1,-1,-1
HIST& 146MO  ,63,76,2,1,-1,-1
HIST& 146MO  ,63,76,4,1,-1,-1
HIST& 214A   ,61,74,2,1,-1,-1
HIST& 214A   ,61,74,4,1,-1,-1
HLTH 080A   ,75,99,4,1,-1,-1
HLTH 100A   ,61,74,2,1,-1,-1
HLTH 100A   ,61,74,4,1,-1,-1
HLTH 100S   ,103,116,1,1,-1,-1
HLTH 100S   ,103,116,3,1,-1,-1
HLTH 102HY  ,61,72,1,1,-1,-1
HLTH 102HY  ,61,72,3,1,-1,-1
HLTH 104A   ,75,80,1,1,-1,-1
HLTH 104A   ,75,80,3,1,-1,-1
HLTH 104A   ,75,80,5,1,-1,-1
HLTH 106HY  ,89,101,2,1,-1,-1
HLTH 108HY  ,89,101,4,1,-1,-1
HLTH 130HY  ,95,100,1,1,-1,-1
HLTH 130HY  ,95,100,3,1,-1,-1
HLTH 130HY  ,95,100,5,1,-1,-1
HLTH 210HY  ,89,94,1,1,-1,-1
HLTH 210HY  ,89,94,3,1,-1,-1
HLTH 210HY  ,89,94,5,1,-1,-1
HLTH 211A   ,61,72,5,1,-1,-1
HLTH 212A   ,89,94,2,1,-1,-1
HLTH 213HY  ,55,60,5,1,-1,-1
HLTH 220A   ,49,60,1,1,-1,-1
HLTH 220A   ,49,60,3,1,-1,-1
HLTH 220A   ,49,60,5,1,-1,-1
HSC 091HSC ,110,123,1,1,-1,-1
HSC 091HSC ,110,123,3,1,-1,-1
HUM 247DHY  ,75,84,2,1,-1,-1
HUM 247DHY  ,75,84,4,1,-1,-1
HUM& 101A   ,75,81,1,1,-1,-1
HUM& 101A   ,75,81,2,1,-1,-1
HUM& 101A   ,75,81,3,1,-1,-1
HUM& 101A   ,75,81,4,1,-1,-1
HUM& 101B   ,75,81,1,1,-1,-1
HUM& 101B   ,75,81,2,1,-1,-1
HUM& 101B   ,75,81,3,1,-1,-1
HUM& 101B   ,75,81,4,1,-1,-1
HUM& 101C   ,75,81,1,1,-1,-1
HUM& 101C   ,75,81,2,1,-1,-1
HUM& 101C   ,75,81,3,1,-1,-1
HUM& 101C   ,75,81,4,1,-1,-1
HUMS 101CA  ,75,84,2,1,-1,-1
HUMS 101CA  ,75,84,4,1,-1,-1
IEP 051A   ,86,94,2,1,-1,-1
IEP 051A   ,86,94,4,1,-1,-1
IEP 051B   ,86,94,1,1,-1,-1
IEP 051B   ,86,94,3,1,-1,-1
IEP 051C   ,86,94,2,1,-1,-1
IEP 051C   ,86,94,4,1,-1,-1
IEP 063A   ,61,69,1,1,-1,-1
IEP 063A   ,61,69,3,1,-1,-1
IEP 065A   ,61,69,1,1,-1,-1
IEP 065A   ,61,69,3,1,-1,-1
IEP 065B   ,61,69,2,1,-1,-1
IEP 065B   ,61,69,4,1,-1,-1
IEP 073A   ,54,59,1,1,-1,-1
IEP 073A   ,54,59,2,1,-1,-1
IEP 073A   ,54,59,3,1,-1,-1
IEP 073A   ,54,59,4,1,-1,-1
IEP 075A   ,54,59,1,1,-1,-1
IEP 075A   ,54,59,2,1,-1,-1
IEP 075A   ,54,59,3,1,-1,-1
IEP 075A   ,54,59,4,1,-1,-1
IEP 083A   ,75,85,1,1,-1,-1
IEP 083A   ,75,85,3,1,-1,-1
IEP 085A   ,75,85,1,1,-1,-1
IEP 085A   ,75,85,3,1,-1,-1
IEP 085B   ,75,85,2,1,-1,-1
IEP 085B   ,75,85,4,1,-1,-1
IEP 093A   ,75,85,2,1,-1,-1
IEP 093A   ,75,85,4,1,-1,-1
IEP 095A   ,75,85,1,1,-1,-1
IEP 095A   ,75,85,3,1,-1,-1
IEP 095B   ,75,85,2,1,-1,-1
IEP 095B   ,75,85,4,1,-1,-1
IT 101HY  ,89,102,1,1,-1,-1
IT 101HY  ,89,102,3,1,-1,-1
IT 108HY  ,116,130,2,1,-1,-1
IT 108HY  ,116,130,4,1,-1,-1
IT 111S   ,103,116,1,1,-1,-1
IT 111S   ,103,116,3,1,-1,-1
IT 117HY  ,103,116,1,1,-1,-1
IT 117HY  ,103,116,3,1,-1,-1
IT 122S   ,116,130,1,1,-1,-1
IT 122S   ,116,130,3,1,-1,-1
IT 161S   ,116,127,1,1,-1,-1
IT 161S   ,116,127,3,1,-1,-1
IT 162S   ,103,113,2,1,-1,-1
IT 162S   ,103,113,4,1,-1,-1
IT 217HY  ,103,116,1,1,-1,-1
IT 217HY  ,103,116,3,1,-1,-1
IT 222HY  ,116,130,1,1,-1,-1
IT 222HY  ,116,130,3,1,-1,-1
IT 224S   ,117,130,2,1,-1,-1
IT 224S   ,117,130,4,1,-1,-1
IT 228S   ,103,116,2,1,-1,-1
IT 228S   ,103,116,4,1,-1,-1
IT 240S   ,103,116,2,1,-1,-1
IT 240S   ,103,116,4,1,-1,-1
JAPN& 121A   ,54,60,1,1,-1,-1
JAPN& 121A   ,54,60,2,1,-1,-1
JAPN& 121A   ,54,60,3,1,-1,-1
JAPN& 121A   ,54,60,4,1,-1,-1
JAPN& 121B   ,61,67,1,1,-1,-1
JAPN& 121B   ,61,67,2,1,-1,-1
JAPN& 121B   ,61,67,3,1,-1,-1
JAPN& 121B   ,61,67,4,1,-1,-1
JAPN& 121C   ,75,81,1,1,-1,-1
JAPN& 121C   ,75,81,2,1,-1,-1
JAPN& 121C   ,75,81,3,1,-1,-1
JAPN& 121C   ,75,81,4,1,-1,-1
JAPN& 121S   ,103,116,2,1,-1,-1
JAPN& 121S   ,103,116,4,1,-1,-1
JAPN& 122A   ,68,74,1,1,-1,-1
JAPN& 122A   ,68,74,2,1,-1,-1
JAPN& 122A   ,68,74,3,1,-1,-1
JAPN& 122A   ,68,74,4,1,-1,-1
JAPN& 221A   ,61,67,1,1,-1,-1
JAPN& 221A   ,61,67,2,1,-1,-1
JAPN& 221A   ,61,67,3,1,-1,-1
JAPN& 221A   ,61,67,4,1,-1,-1
JOURN 101HY  ,61,72,2,1,-1,-1
JOURN 101HY  ,61,72,4,1,-1,-1
JOURN 170  A ,82,90,1,1,-1,-1
JOURN 170  A ,82,90,3,1,-1,-1
MATH 078A   ,54,60,1,1,-1,-1
MATH 078A   ,54,60,2,1,-1,-1
MATH 078A   ,54,60,3,1,-1,-1
MATH 078A   ,54,60,4,1,-1,-1
MATH 078B   ,61,67,1,1,-1,-1
MATH 078B   ,61,67,2,1,-1,-1
MATH 078B   ,61,67,3,1,-1,-1
MATH 078B   ,61,67,4,1,-1,-1
MATH 078C   ,68,74,1,1,-1,-1
MATH 078C   ,68,74,2,1,-1,-1
MATH 078C   ,68,74,3,1,-1,-1
MATH 078C   ,68,74,4,1,-1,-1
MATH 078D   ,75,81,1,1,-1,-1
MATH 078D   ,75,81,2,1,-1,-1
MATH 078D   ,75,81,3,1,-1,-1
MATH 078D   ,75,81,4,1,-1,-1
MATH 078E   ,54,67,1,1,-1,-1
MATH 078E   ,54,67,3,1,-1,-1
MATH 078S   ,103,116,1,1,-1,-1
MATH 078S   ,103,116,3,1,-1,-1
MATH 079A   ,54,60,1,1,-1,-1
MATH 079A   ,54,60,2,1,-1,-1
MATH 079A   ,54,60,3,1,-1,-1
MATH 079A   ,54,60,4,1,-1,-1
MATH 079B   ,61,67,1,1,-1,-1
MATH 079B   ,61,67,2,1,-1,-1
MATH 079B   ,61,67,3,1,-1,-1
MATH 079B   ,61,67,4,1,-1,-1
MATH 079C   ,68,74,1,1,-1,-1
MATH 079C   ,68,74,2,1,-1,-1
MATH 079C   ,68,74,3,1,-1,-1
MATH 079C   ,68,74,4,1,-1,-1
MATH 079D   ,75,81,1,1,-1,-1
MATH 079D   ,75,81,2,1,-1,-1
MATH 079D   ,75,81,3,1,-1,-1
MATH 079D   ,75,81,4,1,-1,-1
MATH 079E   ,54,67,1,1,-1,-1
MATH 079E   ,54,67,3,1,-1,-1
MATH 079S   ,103,116,1,1,-1,-1
MATH 079S   ,103,116,3,1,-1,-1
MATH 080A   ,47,53,1,1,-1,-1
MATH 080A   ,47,53,2,1,-1,-1
MATH 080A   ,47,53,3,1,-1,-1
MATH 080A   ,47,53,4,1,-1,-1
MATH 080B   ,54,60,1,1,-1,-1
MATH 080B   ,54,60,2,1,-1,-1
MATH 080B   ,54,60,3,1,-1,-1
MATH 080B   ,54,60,4,1,-1,-1
MATH 080C   ,61,67,1,1,-1,-1
MATH 080C   ,61,67,2,1,-1,-1
MATH 080C   ,61,67,3,1,-1,-1
MATH 080C   ,61,67,4,1,-1,-1
MATH 080D   ,68,74,1,1,-1,-1
MATH 080D   ,68,74,2,1,-1,-1
MATH 080D   ,68,74,3,1,-1,-1
MATH 080D   ,68,74,4,1,-1,-1
MATH 080E   ,75,81,1,1,-1,-1
MATH 080E   ,75,81,2,1,-1,-1
MATH 080E   ,75,81,3,1,-1,-1
MATH 080E   ,75,81,4,1,-1,-1
MATH 080MH  ,63,69,2,1,-1,-1
MATH 080MH  ,63,69,4,1,-1,-1
MATH 080MO  ,119,132,2,1,-1,-1
MATH 080MO  ,119,132,4,1,-1,-1
MATH 080S   ,103,116,1,1,-1,-1
MATH 080S   ,103,116,3,1,-1,-1
MATH 080T   ,117,130,2,1,-1,-1
MATH 080T   ,117,130,4,1,-1,-1
MATH 091A   ,47,53,1,1,-1,-1
MATH 091A   ,47,53,2,1,-1,-1
MATH 091A   ,47,53,3,1,-1,-1
MATH 091A   ,47,53,4,1,-1,-1
MATH 091AC1 ,54,67,1,1,-1,-1
MATH 091AC1 ,54,67,2,1,-1,-1
MATH 091AC1 ,54,67,3,1,-1,-1
MATH 091AC1 ,54,67,4,1,-1,-1
MATH 091B   ,54,60,1,1,-1,-1
MATH 091B   ,54,60,2,1,-1,-1
MATH 091B   ,54,60,3,1,-1,-1
MATH 091B   ,54,60,4,1,-1,-1
MATH 091C   ,61,67,1,1,-1,-1
MATH 091C   ,61,67,2,1,-1,-1
MATH 091C   ,61,67,3,1,-1,-1
MATH 091C   ,61,67,4,1,-1,-1
MATH 091D   ,68,74,1,1,-1,-1
MATH 091D   ,68,74,2,1,-1,-1
MATH 091D   ,68,74,3,1,-1,-1
MATH 091D   ,68,74,4,1,-1,-1
MATH 091E   ,75,81,1,1,-1,-1
MATH 091E   ,75,81,2,1,-1,-1
MATH 091E   ,75,81,3,1,-1,-1
MATH 091E   ,75,81,4,1,-1,-1
MATH 091HY1 ,61,67,2,1,-1,-1
MATH 091HY1 ,61,67,4,1,-1,-1
MATH 091HY2 ,68,74,1,1,-1,-1
MATH 091HY2 ,68,74,3,1,-1,-1
MATH 091MH  ,49,55,2,1,-1,-1
MATH 091MH  ,49,55,4,1,-1,-1
MATH 091S   ,103,116,1,1,-1,-1
MATH 091S   ,103,116,3,1,-1,-1
MATH 092AC2 ,54,67,1,1,-1,-1
MATH 092AC2 ,54,67,2,1,-1,-1
MATH 092AC2 ,54,67,3,1,-1,-1
MATH 092AC2 ,54,67,4,1,-1,-1
MATH 092B   ,61,67,1,1,-1,-1
MATH 092B   ,61,67,2,1,-1,-1
MATH 092B   ,61,67,3,1,-1,-1
MATH 092B   ,61,67,4,1,-1,-1
MATH 092C   ,61,67,1,1,-1,-1
MATH 092C   ,61,67,2,1,-1,-1
MATH 092C   ,61,67,3,1,-1,-1
MATH 092C   ,61,67,4,1,-1,-1
MATH 092D   ,68,74,1,1,-1,-1
MATH 092D   ,68,74,2,1,-1,-1
MATH 092D   ,68,74,3,1,-1,-1
MATH 092D   ,68,74,4,1,-1,-1
MATH 092MH  ,56,62,2,1,-1,-1
MATH 092MH  ,56,62,4,1,-1,-1
MATH 092S   ,103,116,2,1,-1,-1
MATH 092S   ,103,116,4,1,-1,-1
MATH 099A   ,54,60,1,1,-1,-1
MATH 099A   ,54,60,2,1,-1,-1
MATH 099A   ,54,60,3,1,-1,-1
MATH 099A   ,54,60,4,1,-1,-1
MATH 099B   ,68,74,1,1,-1,-1
MATH 099B   ,68,74,2,1,-1,-1
MATH 099B   ,68,74,3,1,-1,-1
MATH 099B   ,68,74,4,1,-1,-1
MATH 099C   ,75,81,1,1,-1,-1
MATH 099C   ,75,81,2,1,-1,-1
MATH 099C   ,75,81,3,1,-1,-1
MATH 099C   ,75,81,4,1,-1,-1
MATH 099S   ,103,116,2,1,-1,-1
MATH 099S   ,103,116,4,1,-1,-1
MATH 138A   ,54,60,1,1,-1,-1
MATH 138A   ,54,60,2,1,-1,-1
MATH 138A   ,54,60,3,1,-1,-1
MATH 138A   ,54,60,4,1,-1,-1
MATH 138B   ,61,67,1,1,-1,-1
MATH 138B   ,61,67,2,1,-1,-1
MATH 138B   ,61,67,3,1,-1,-1
MATH 138B   ,61,67,4,1,-1,-1
MATH 138MH  ,77,86,2,1,-1,-1
MATH 138MH  ,77,86,4,1,-1,-1
MATH 138S   ,117,130,1,1,-1,-1
MATH 138S   ,117,130,3,1,-1,-1
MATH 260A   ,68,74,1,1,-1,-1
MATH 260A   ,68,74,2,1,-1,-1
MATH 260A   ,68,74,3,1,-1,-1
MATH 260A   ,68,74,4,1,-1,-1
MATH 261A   ,68,74,1,1,-1,-1
MATH 261A   ,68,74,2,1,-1,-1
MATH 261A   ,68,74,3,1,-1,-1
MATH 261A   ,68,74,4,1,-1,-1
MATH& 107A   ,54,60,1,1,-1,-1
MATH& 107A   ,54,60,2,1,-1,-1
MATH& 107A   ,54,60,3,1,-1,-1
MATH& 107A   ,54,60,4,1,-1,-1
MATH& 107B   ,68,74,1,1,-1,-1
MATH& 107B   ,68,74,2,1,-1,-1
MATH& 107B   ,68,74,3,1,-1,-1
MATH& 107B   ,68,74,4,1,-1,-1
MATH& 141A   ,47,53,1,1,-1,-1
MATH& 141A   ,47,53,2,1,-1,-1
MATH& 141A   ,47,53,3,1,-1,-1
MATH& 141A   ,47,53,4,1,-1,-1
MATH& 141C   ,54,60,1,1,-1,-1
MATH& 141C   ,54,60,2,1,-1,-1
MATH& 141C   ,54,60,3,1,-1,-1
MATH& 141C   ,54,60,4,1,-1,-1
MATH& 141S   ,103,116,2,1,-1,-1
MATH& 141S   ,103,116,4,1,-1,-1
MATH& 142A   ,54,60,1,1,-1,-1
MATH& 142A   ,54,60,2,1,-1,-1
MATH& 142A   ,54,60,3,1,-1,-1
MATH& 142A   ,54,60,4,1,-1,-1
MATH& 142B   ,61,67,1,1,-1,-1
MATH& 142B   ,61,67,2,1,-1,-1
MATH& 142B   ,61,67,3,1,-1,-1
MATH& 142B   ,61,67,4,1,-1,-1
MATH& 142C   ,68,74,1,1,-1,-1
MATH& 142C   ,68,74,2,1,-1,-1
MATH& 142C   ,68,74,3,1,-1,-1
MATH& 142C   ,68,74,4,1,-1,-1
MATH& 142D   ,75,81,1,1,-1,-1
MATH& 142D   ,75,81,2,1,-1,-1
MATH& 142D   ,75,81,3,1,-1,-1
MATH& 142D   ,75,81,4,1,-1,-1
MATH& 142S   ,103,116,2,1,-1,-1
MATH& 142S   ,103,116,4,1,-1,-1
MATH& 144A   ,75,81,1,1,-1,-1
MATH& 144A   ,75,81,2,1,-1,-1
MATH& 144A   ,75,81,3,1,-1,-1
MATH& 144A   ,75,81,4,1,-1,-1
MATH& 146B   ,61,67,1,1,-1,-1
MATH& 146B   ,61,67,2,1,-1,-1
MATH& 146B   ,61,67,3,1,-1,-1
MATH& 146B   ,61,67,4,1,-1,-1
MATH& 146D   ,75,81,1,1,-1,-1
MATH& 146D   ,75,81,2,1,-1,-1
MATH& 146D   ,75,81,3,1,-1,-1
MATH& 146D   ,75,81,4,1,-1,-1
MATH& 146S   ,117,130,2,1,-1,-1
MATH& 146S   ,117,130,4,1,-1,-1
MATH& 148A   ,54,60,1,1,-1,-1
MATH& 148A   ,54,60,2,1,-1,-1
MATH& 148A   ,54,60,3,1,-1,-1
MATH& 148A   ,54,60,4,1,-1,-1
MATH& 151D   ,75,81,1,1,-1,-1
MATH& 151D   ,75,81,2,1,-1,-1
MATH& 151D   ,75,81,3,1,-1,-1
MATH& 151D   ,75,81,4,1,-1,-1
MATH& 151HN  ,75,81,1,1,-1,-1
MATH& 151HN  ,75,81,2,1,-1,-1
MATH& 151HN  ,75,81,3,1,-1,-1
MATH& 151HN  ,75,81,4,1,-1,-1
MATH& 151MO  ,91,104,2,1,-1,-1
MATH& 151MO  ,91,104,4,1,-1,-1
MATH& 151S   ,94,102,1,1,-1,-1
MATH& 151S   ,94,102,2,1,-1,-1
MATH& 151S   ,94,102,4,1,-1,-1
MATH& 152A   ,54,60,1,1,-1,-1
MATH& 152A   ,54,60,2,1,-1,-1
MATH& 152A   ,54,60,3,1,-1,-1
MATH& 152A   ,54,60,4,1,-1,-1
MATH& 152C   ,75,81,1,1,-1,-1
MATH& 152C   ,75,81,2,1,-1,-1
MATH& 152C   ,75,81,3,1,-1,-1
MATH& 152C   ,75,81,4,1,-1,-1
MATH& 163A   ,61,67,1,1,-1,-1
MATH& 163A   ,61,67,2,1,-1,-1
MATH& 163A   ,61,67,3,1,-1,-1
MATH& 163A   ,61,67,4,1,-1,-1
MFG TS   ,104,119,1,1,-1,-1
MFG TS   ,104,119,3,1,-1,-1
MFG TA   ,76,100,1,1,-1,-1
MFG TA   ,76,100,3,1,-1,-1
MFG TA   ,50,73,1,1,-1,-1
MFG TA   ,50,73,2,1,-1,-1
MFG TA   ,50,73,3,1,-1,-1
MFG TA   ,50,73,4,1,-1,-1
MFG TB   ,76,98,1,1,-1,-1
MFG TB   ,76,98,2,1,-1,-1
MFG TB   ,76,98,3,1,-1,-1
MFG TB   ,76,98,4,1,-1,-1
MFG TA   ,49,83,1,1,-1,-1
MFG TA   ,49,83,2,1,-1,-1
MFG TA   ,49,83,3,1,-1,-1
MFG TA   ,49,83,4,1,-1,-1
MFG TS   ,97,133,1,1,-1,-1
MFG TS   ,97,133,2,1,-1,-1
MFG TS   ,97,133,3,1,-1,-1
MFG TS   ,97,133,4,1,-1,-1
MFG TWHS ,67,101,1,1,-1,-1
MFG TWHS ,67,101,2,1,-1,-1
MFG TWHS ,67,101,3,1,-1,-1
MFG TWHS ,67,101,4,1,-1,-1
MFG TA   ,49,83,1,1,-1,-1
MFG TA   ,49,83,2,1,-1,-1
MFG TA   ,49,83,3,1,-1,-1
MFG TA   ,49,83,4,1,-1,-1
MFG TS   ,97,133,1,1,-1,-1
MFG TS   ,97,133,2,1,-1,-1
MFG TS   ,97,133,3,1,-1,-1
MFG TS   ,97,133,4,1,-1,-1
MFG TWHS ,67,101,1,1,-1,-1
MFG TWHS ,67,101,2,1,-1,-1
MFG TWHS ,67,101,3,1,-1,-1
MFG TWHS ,67,101,4,1,-1,-1
MFG TS   ,97,115,2,1,-1,-1
MFG TS   ,97,115,4,1,-1,-1
MFG TA   ,52,59,1,1,-1,-1
MFG TA   ,52,59,3,1,-1,-1
MFG TA   ,80,99,1,1,-1,-1
MFG TA   ,80,99,3,1,-1,-1
MFG TA   ,49,70,2,1,-1,-1
MFG TA   ,49,70,4,1,-1,-1
MFG TA   ,76,97,2,1,-1,-1
MFG TA   ,76,97,4,1,-1,-1
MFG TS   ,103,124,1,1,-1,-1
MFG TS   ,103,124,3,1,-1,-1
MFG THY  ,49,55,1,1,-1,-1
MFG THY  ,49,55,3,1,-1,-1
MUSC 117A   ,68,73,2,1,-1,-1
MUSC 117A   ,68,73,4,1,-1,-1
MUSC 118A   ,68,73,2,1,-1,-1
MUSC 118A   ,68,73,4,1,-1,-1
MUSC 119A   ,68,73,2,1,-1,-1
MUSC 119A   ,68,73,4,1,-1,-1
MUSC 124A   ,82,89,1,1,-1,-1
MUSC 124A   ,82,89,3,1,-1,-1
MUSC 125A   ,82,89,1,1,-1,-1
MUSC 125A   ,82,89,3,1,-1,-1
MUSC 128A   ,82,89,2,1,-1,-1
MUSC 128A   ,82,89,4,1,-1,-1
MUSC 147CS  ,109,124,1,1,-1,-1
MUSC& 105HY  ,55,60,1,1,-1,-1
MUSC& 105HY  ,55,60,2,1,-1,-1
MUSC& 105HY  ,55,60,3,1,-1,-1
MUSC& 105HY  ,55,60,4,1,-1,-1
MUSC& 141HY  ,61,66,1,1,-1,-1
MUSC& 141HY  ,61,66,2,1,-1,-1
MUSC& 141HY  ,61,66,3,1,-1,-1
MUSC& 141HY  ,61,66,4,1,-1,-1
NAT SA   ,49,59,1,1,-1,-1
NAT SA   ,49,59,3,1,-1,-1
NAT SA   ,49,59,5,1,-1,-1
NURS 095A   ,,,1,1,-1,-1
NURS 230A   ,48,108,1,1,-1,-1
NURS 230A   ,48,108,3,1,-1,-1
NURS 230A   ,48,108,4,1,-1,-1
NURS 230A   ,48,108,5,1,-1,-1
NUTR 160A   ,54,60,1,1,-1,-1
NUTR 160A   ,54,60,2,1,-1,-1
NUTR 160A   ,54,60,3,1,-1,-1
NUTR 160A   ,54,60,4,1,-1,-1
NUTR 180A   ,68,74,1,1,-1,-1
NUTR 180A   ,68,74,2,1,-1,-1
NUTR 180A   ,68,74,3,1,-1,-1
NUTR& 101A   ,54,60,1,1,-1,-1
NUTR& 101A   ,54,60,2,1,-1,-1
NUTR& 101A   ,54,60,3,1,-1,-1
NUTR& 101A   ,54,60,4,1,-1,-1
NUTR& 101B   ,61,67,1,1,-1,-1
NUTR& 101B   ,61,67,2,1,-1,-1
NUTR& 101B   ,61,67,3,1,-1,-1
NUTR& 101B   ,61,67,4,1,-1,-1
NUTR& 101C   ,61,67,1,1,-1,-1
NUTR& 101C   ,61,67,2,1,-1,-1
NUTR& 101C   ,61,67,3,1,-1,-1
NUTR& 101C   ,61,67,4,1,-1,-1
NUTR& 101D   ,68,74,1,1,-1,-1
NUTR& 101D   ,68,74,2,1,-1,-1
NUTR& 101D   ,68,74,3,1,-1,-1
NUTR& 101D   ,68,74,4,1,-1,-1
NUTR& 101MO  ,63,76,1,1,-1,-1
NUTR& 101MO  ,63,76,3,1,-1,-1
PEHW 100A   ,48,53,1,1,-1,-1
PEHW 100A   ,48,53,2,1,-1,-1
PEHW 100A   ,48,53,3,1,-1,-1
PEHW 100A   ,48,53,4,1,-1,-1
PEHW 100C   ,81,88,1,1,-1,-1
PEHW 100C   ,81,88,2,1,-1,-1
PEHW 100C   ,81,88,4,1,-1,-1
PEHW 100D   ,89,96,1,1,-1,-1
PEHW 100D   ,89,96,2,1,-1,-1
PEHW 100D   ,89,96,4,1,-1,-1
PEHW 100S   ,103,113,2,1,-1,-1
PEHW 102S   ,117,127,4,1,-1,-1
PEHW 111A   ,61,66,1,1,-1,-1
PEHW 111A   ,61,66,2,1,-1,-1
PEHW 111A   ,61,66,3,1,-1,-1
PEHW 111A   ,61,66,4,1,-1,-1
PEHW 116A   ,68,73,1,1,-1,-1
PEHW 116A   ,68,73,2,1,-1,-1
PEHW 116A   ,68,73,3,1,-1,-1
PEHW 116A   ,68,73,4,1,-1,-1
PEHW 119A   ,74,86,2,1,-1,-1
PEHW 119A   ,74,86,4,1,-1,-1
PEHW 121A   ,75,81,1,1,-1,-1
PEHW 121A   ,75,81,2,1,-1,-1
PEHW 121A   ,75,81,4,1,-1,-1
PEHW 125HY2 ,75,85,1,1,-1,-1
PEHW 125HY2 ,75,85,3,1,-1,-1
PEHW 125HY2 ,75,85,4,1,-1,-1
PEHW 126HY2 ,75,85,1,1,-1,-1
PEHW 126HY2 ,75,85,3,1,-1,-1
PEHW 126HY2 ,75,85,4,1,-1,-1
PEHW 128S   ,92,102,2,1,-1,-1
PEHW 128S   ,92,102,4,1,-1,-1
PEHW 148A   ,61,66,1,1,-1,-1
PEHW 148A   ,61,66,2,1,-1,-1
PEHW 148A   ,61,66,3,1,-1,-1
PEHW 148A   ,61,66,4,1,-1,-1
PHIL& 101A   ,61,74,1,1,-1,-1
PHIL& 101A   ,61,74,3,1,-1,-1
PHIL& 101B   ,89,102,1,1,-1,-1
PHIL& 101B   ,89,102,3,1,-1,-1
PHIL& 115MO  ,49,62,2,1,-1,-1
PHIL& 115MO  ,49,62,4,1,-1,-1
PHIL& 120HY  ,51,60,1,1,-1,-1
PHIL& 120HY  ,51,60,3,1,-1,-1
PHOTO 110HY4 ,103,114,1,1,-1,-1
PHOTO 110HY4 ,103,114,3,1,-1,-1
PHOTO 111HY  ,79,94,1,1,-1,-1
PHOTO 111HY  ,79,94,3,1,-1,-1
PHOTO 210HY  ,79,97,2,1,-1,-1
PHOTO 210HY  ,79,97,4,1,-1,-1
PHOTO 243A   ,68,84,1,1,-1,-1
PHOTO 243A   ,68,84,3,1,-1,-1
PHYS 130C   ,75,86,5,1,-1,-1
PHYS 130D   ,87,98,5,1,-1,-1
PHYS& 114B   ,61,72,1,1,-1,-1
PHYS& 114B   ,61,72,3,1,-1,-1
PHYS& 114B   ,61,72,5,1,-1,-1
PHYS& 114C   ,79,90,1,1,-1,-1
PHYS& 114C   ,79,90,3,1,-1,-1
PHYS& 114C   ,79,90,5,1,-1,-1
PHYS& 114D   ,79,96,2,1,-1,-1
PHYS& 114D   ,79,96,4,1,-1,-1
PHYS& 114S   ,103,114,1,1,-1,-1
PHYS& 114S   ,103,114,3,1,-1,-1
PHYS& 114S   ,103,114,4,1,-1,-1
PHYS& 231A   ,79,96,1,1,-1,-1
PHYS& 232A   ,79,96,2,1,-1,-1
PHYS& 232B   ,79,96,3,1,-1,-1
PHYS& 241A   ,49,60,2,1,-1,-1
PHYS& 241A   ,49,60,4,1,-1,-1
PHYS& 241B   ,79,90,1,1,-1,-1
PHYS& 241B   ,79,90,3,1,-1,-1
PHYS& 242A   ,49,60,2,1,-1,-1
PHYS& 242A   ,49,60,4,1,-1,-1
POLS& 200A   ,54,60,1,1,-1,-1
POLS& 200A   ,54,60,2,1,-1,-1
POLS& 200A   ,54,60,3,1,-1,-1
POLS& 200A   ,54,60,4,1,-1,-1
PSYC 240HY  ,61,71,2,1,-1,-1
PSYC 240HY  ,61,71,4,1,-1,-1
PSYC& 100F   ,82,88,1,1,-1,-1
PSYC& 100F   ,82,88,2,1,-1,-1
PSYC& 100F   ,82,88,3,1,-1,-1
PSYC& 100F   ,82,88,4,1,-1,-1
PSYC& 100HY2 ,75,86,2,1,-1,-1
PSYC& 100HY2 ,75,86,4,1,-1,-1
PSYC& 100HY3 ,106,116,1,1,-1,-1
PSYC& 100HY3 ,106,116,3,1,-1,-1
PSYC& 100MO1 ,91,104,1,1,-1,-1
PSYC& 100MO1 ,91,104,3,1,-1,-1
PSYC& 100MO2 ,119,132,2,1,-1,-1
PSYC& 100MO2 ,119,132,4,1,-1,-1
PSYC& 200C   ,89,102,1,1,-1,-1
PSYC& 200C   ,89,102,3,1,-1,-1
PSYC& 200HY2 ,75,86,2,1,-1,-1
PSYC& 200HY2 ,75,86,4,1,-1,-1
PSYC& 220HY  ,61,72,1,1,-1,-1
PSYC& 220HY  ,61,72,3,1,-1,-1
RUSS& 121A   ,54,60,1,1,-1,-1
RUSS& 121A   ,54,60,2,1,-1,-1
RUSS& 121A   ,54,60,3,1,-1,-1
RUSS& 121A   ,54,60,4,1,-1,-1
SOC 240HY  ,61,71,2,1,-1,-1
SOC 240HY  ,61,71,4,1,-1,-1
SOC& 101A   ,47,60,2,1,-1,-1
SOC& 101A   ,47,60,4,1,-1,-1
SOC& 101HY3 ,103,116,2,1,-1,-1
SOC& 101MO  ,77,90,1,1,-1,-1
SOC& 101MO  ,77,90,3,1,-1,-1
SPAN 111S   ,103,115,3,1,-1,-1
SPAN 112S   ,103,115,3,1,-1,-1
SPAN 113S   ,103,115,3,1,-1,-1
SPAN& 121C   ,61,74,2,1,-1,-1
SPAN& 121C   ,61,74,4,1,-1,-1
SPAN& 121HN  ,47,53,1,1,-1,-1
SPAN& 121HN  ,47,53,2,1,-1,-1
SPAN& 121HN  ,47,53,3,1,-1,-1
SPAN& 121HN  ,47,53,4,1,-1,-1
SPAN& 121HY  ,103,116,1,1,-1,-1
SPAN& 121MO  ,77,90,2,1,-1,-1
SPAN& 121MO  ,77,90,4,1,-1,-1
SPAN& 122A   ,54,60,1,1,-1,-1
SPAN& 122A   ,54,60,2,1,-1,-1
SPAN& 122A   ,54,60,3,1,-1,-1
SPAN& 122A   ,54,60,4,1,-1,-1
SPAN& 123A   ,68,74,1,1,-1,-1
SPAN& 123A   ,68,74,2,1,-1,-1
SPAN& 123A   ,68,74,3,1,-1,-1
SPAN& 123A   ,68,74,4,1,-1,-1
SPAN& 221A   ,75,88,1,1,-1,-1
SPAN& 221A   ,75,88,3,1,-1,-1
TS 044A   ,54,60,1,1,-1,-1
TS 044A   ,54,60,2,1,-1,-1
TS 044A   ,54,60,3,1,-1,-1
TS 044A   ,54,60,4,1,-1,-1
TS 054S   ,110,123,2,1,-1,-1
TS 054S   ,110,123,4,1,-1,-1
TS 060A   ,54,60,1,1,-1,-1
TS 060A   ,54,60,2,1,-1,-1
TS 060A   ,54,60,3,1,-1,-1
TS 060A   ,54,60,4,1,-1,-1
TS 060C   ,68,74,1,1,-1,-1
TS 060C   ,68,74,2,1,-1,-1
TS 060C   ,68,74,3,1,-1,-1
TS 060C   ,68,74,4,1,-1,-1
TS 060MO4 ,110,123,1,1,-1,-1
TS 060MO4 ,110,123,3,1,-1,-1
TS 060S   ,110,123,1,1,-1,-1
TS 060S   ,110,123,3,1,-1,-1
TS 060WTH ,110,123,1,1,-1,-1
TS 060WTH ,110,123,3,1,-1,-1
TS 064A   ,68,74,1,1,-1,-1
TS 064A   ,68,74,2,1,-1,-1
TS 064A   ,68,74,3,1,-1,-1
TS 064A   ,68,74,4,1,-1,-1
TS 064A   ,68,74,1,1,-1,-1
TS 064A   ,68,74,2,1,-1,-1
TS 064A   ,68,74,3,1,-1,-1
TS 064A   ,68,74,4,1,-1,-1
TS 066A   ,54,60,1,1,-1,-1
TS 066A   ,54,60,2,1,-1,-1
TS 066A   ,54,60,3,1,-1,-1
TS 066A   ,54,60,4,1,-1,-1
TS 070B   ,54,60,1,1,-1,-1
TS 070B   ,54,60,2,1,-1,-1
TS 070B   ,54,60,3,1,-1,-1
TS 070B   ,54,60,4,1,-1,-1
TS 070C   ,68,74,1,1,-1,-1
TS 070C   ,68,74,2,1,-1,-1
TS 070C   ,68,74,3,1,-1,-1
TS 070C   ,68,74,4,1,-1,-1
TS 070MO4 ,110,123,1,1,-1,-1
TS 070MO4 ,110,123,3,1,-1,-1
TS 070MOS ,110,123,1,1,-1,-1
TS 070MOS ,110,123,3,1,-1,-1
TS 070S   ,110,123,1,1,-1,-1
TS 070S   ,110,123,3,1,-1,-1
TS 070SP  ,110,123,2,1,-1,-1
TS 070SP  ,110,123,4,1,-1,-1
TS 070T   ,110,123,1,1,-1,-1
TS 070T   ,110,123,3,1,-1,-1
TS 070WTH ,110,123,1,1,-1,-1
TS 070WTH ,110,123,3,1,-1,-1
TS 074A   ,68,74,1,1,-1,-1
TS 074A   ,68,74,2,1,-1,-1
TS 074A   ,68,74,3,1,-1,-1
TS 074A   ,68,74,4,1,-1,-1
TS 080A   ,54,60,1,1,-1,-1
TS 080A   ,54,60,2,1,-1,-1
TS 080A   ,54,60,3,1,-1,-1
TS 080A   ,54,60,4,1,-1,-1
TS 080MO4 ,110,123,1,1,-1,-1
TS 080MO4 ,110,123,3,1,-1,-1
TS 080MOS ,110,123,1,1,-1,-1
TS 080MOS ,110,123,3,1,-1,-1
TS 080S   ,110,123,1,1,-1,-1
TS 080S   ,110,123,3,1,-1,-1
TS 080SP  ,110,123,2,1,-1,-1
TS 080SP  ,110,123,4,1,-1,-1
TS 081A   ,68,74,1,1,-1,-1
TS 081A   ,68,74,2,1,-1,-1
TS 081A   ,68,74,3,1,-1,-1
TS 081A   ,68,74,4,1,-1,-1
TS 087A   ,61,67,1,1,-1,-1
TS 087A   ,61,67,2,1,-1,-1
TS 087A   ,61,67,3,1,-1,-1
TS 087A   ,61,67,4,1,-1,-1
TS 087MO3 ,110,123,2,1,-1,-1
TS 087MO3 ,110,123,4,1,-1,-1
TS 087S   ,110,123,2,1,-1,-1
TS 087S   ,110,123,4,1,-1,-1
TS 087WTH ,110,123,2,1,-1,-1
TS 087WTH ,110,123,4,1,-1,-1
TS 091A   ,54,60,1,1,-1,-1
TS 091A   ,54,60,2,1,-1,-1
TS 091A   ,54,60,3,1,-1,-1
TS 091A   ,54,60,4,1,-1,-1
TS 091S   ,110,123,1,1,-1,-1
TS 091S   ,110,123,3,1,-1,-1
TS 094B   ,68,74,1,1,-1,-1
TS 094B   ,68,74,2,1,-1,-1
TS 094B   ,68,74,3,1,-1,-1
TS 094B   ,68,74,4,1,-1,-1
TS 094MOS ,110,123,2,1,-1,-1
TS 094MOS ,110,123,4,1,-1,-1
TS 094SP  ,110,123,1,1,-1,-1
TS 094SP  ,110,123,3,1,-1,-1
TS 094TCC ,110,123,2,1,-1,-1
TS 094TCC ,110,123,4,1,-1,-1
TS 096A   ,75,81,1,1,-1,-1
TS 096A   ,75,81,2,1,-1,-1
TS 096A   ,75,81,3,1,-1,-1
TS 096A   ,75,81,4,1,-1,-1
TS 097A   ,61,67,1,1,-1,-1
TS 097A   ,61,67,2,1,-1,-1
TS 097A   ,61,67,3,1,-1,-1
TS 097A   ,61,67,4,1,-1,-1
TS 097MO3 ,110,123,2,1,-1,-1
TS 097MO3 ,110,123,4,1,-1,-1
TS 097S   ,110,123,2,1,-1,-1
TS 097S   ,110,123,4,1,-1,-1
TS 097WTH ,110,123,2,1,-1,-1
TS 097WTH ,110,123,4,1,-1,-1
TS 098A   ,61,67,1,1,-1,-1
TS 098A   ,61,67,2,1,-1,-1
TS 098A   ,61,67,3,1,-1,-1
TS 098A   ,61,67,4,1,-1,-1
TS 098C   ,75,81,1,1,-1,-1
TS 098C   ,75,81,2,1,-1,-1
TS 098C   ,75,81,3,1,-1,-1
TS 098C   ,75,81,4,1,-1,-1
TS 098MO3 ,110,123,2,1,-1,-1
TS 098MO3 ,110,123,4,1,-1,-1
TS 098S   ,110,123,2,1,-1,-1
TS 098S   ,110,123,4,1,-1,-1
TS 099A   ,55,81,5,1,-1,-1
TS 099B   ,75,81,1,1,-1,-1
TS 099B   ,75,81,2,1,-1,-1
TS 099B   ,75,81,3,1,-1,-1
TS 099B   ,75,81,4,1,-1,-1
TS 099C   ,54,60,1,1,-1,-1
TS 099C   ,54,60,2,1,-1,-1
TS 099C   ,54,60,3,1,-1,-1
TS 099C   ,54,60,4,1,-1,-1
TS 099S   ,110,123,3,1,-1,-1
WELD 101HY  ,49,61,1,1,-1,-1
WELD 101HY  ,49,61,3,1,-1,-1
WELD 150A   ,76,82,2,1,-1,-1
WELD 150A   ,76,82,4,1,-1,-1
WELD 150T   ,101,114,2,1,-1,-1
WELD 150T   ,101,114,4,1,-1,-1
WELD 151S   ,107,115,1,1,-1,-1
WELD 151S   ,107,115,3,1,-1,-1
WELD 190A   ,43,68,1,1,-1,-1
WELD 190A   ,43,68,3,1,-1,-1
WELD 190S   ,115,140,1,1,-1,-1
WELD 190S   ,115,140,3,1,-1,-1
WELD 190T   ,115,140,2,1,-1,-1
WELD 190T   ,115,140,4,1,-1,-1
WELD 191A   ,43,68,1,1,-1,-1
WELD 191A   ,43,68,3,1,-1,-1
WELD 191S   ,115,140,1,1,-1,-1
WELD 191S   ,115,140,3,1,-1,-1
WELD 191T   ,115,140,2,1,-1,-1
WELD 191T   ,115,140,4,1,-1,-1
WELD 192A   ,43,68,1,1,-1,-1
WELD 192A   ,43,68,3,1,-1,-1
WELD 192S   ,115,140,1,1,-1,-1
WELD 192S   ,115,140,3,1,-1,-1
WELD 192T   ,115,140,2,1,-1,-1
WELD 192T   ,115,140,4,1,-1,-1
WELD 193A   ,43,68,1,1,-1,-1
WELD 193A   ,43,68,3,1,-1,-1
WELD 193S   ,115,140,1,1,-1,-1
WELD 193S   ,115,140,3,1,-1,-1
WELD 193T   ,115,140,2,1,-1,-1
WELD 193T   ,115,140,4,1,-1,-1
WELD 194A   ,43,68,1,1,-1,-1
WELD 194A   ,43,68,3,1,-1,-1
WELD 194S   ,115,140,1,1,-1,-1
WELD 194S   ,115,140,3,1,-1,-1
WELD 194T   ,115,140,2,1,-1,-1
WELD 194T   ,115,140,4,1,-1,-1
WELD 195A   ,43,68,1,1,-1,-1
WELD 195A   ,43,68,3,1,-1,-1
WELD 195S   ,115,140,1,1,-1,-1
WELD 195S   ,115,140,3,1,-1,-1
WELD 195T   ,115,140,2,1,-1,-1
WELD 195T   ,115,140,4,1,-1,-1
WELD 196A   ,43,68,1,1,-1,-1
WELD 196A   ,43,68,3,1,-1,-1
WELD 196S   ,115,140,1,1,-1,-1
WELD 196S   ,115,140,3,1,-1,-1
WELD 196T   ,115,140,2,1,-1,-1
WELD 196T   ,115,140,4,1,-1,-1
WELD 210C   ,91,103,1,1,-1,-1
WELD 210C   ,91,103,2,1,-1,-1
WELD 210C   ,91,103,3,1,-1,-1
WELD 210C   ,91,103,4,1,-1,-1
WELD 212S   ,115,140,1,1,-1,-1
WELD 212S   ,115,140,3,1,-1,-1
WELD 225B   ,79,89,2,1,-1,-1
WELD 225B   ,79,89,4,1,-1,-1
WELD 225T   ,104,114,2,1,-1,-1
WELD 225T   ,104,114,4,1,-1,-1
WELD 226B   ,79,89,2,1,-1,-1
WELD 226B   ,79,89,4,1,-1,-1
WELD 226T   ,104,114,2,1,-1,-1
WELD 226T   ,104,114,4,1,-1,-1
WELD 287B   ,82,95,1,1,-1,-1
WELD 287B   ,82,95,2,1,-1,-1
WELD 287B   ,82,95,3,1,-1,-1
WELD 287B   ,82,95,4,1,-1,-1
WELD 291A   ,43,68,1,1,-1,-1
WELD 291A   ,43,68,3,1,-1,-1
WELD 291S   ,115,140,1,1,-1,-1
WELD 291S   ,115,140,3,1,-1,-1
WELD 291T   ,115,140,2,1,-1,-1
WELD 291T   ,115,140,4,1,-1,-1
WELD 292A   ,43,68,1,1,-1,-1
WELD 292A   ,43,68,3,1,-1,-1
WELD 292S   ,115,140,1,1,-1,-1
WELD 292S   ,115,140,3,1,-1,-1
WELD 292T   ,115,140,2,1,-1,-1
WELD 292T   ,115,140,4,1,-1,-1
WELD 294A   ,43,68,1,1,-1,-1
WELD 294A   ,43,68,3,1,-1,-1
WELD 294S   ,115,140,1,1,-1,-1
WELD 294S   ,115,140,3,1,-1,-1
WELD 294T   ,115,140,1,1,-1,-1
WELD 294T   ,115,140,3,1,-1,-1
WELD 296A   ,43,68,1,1,-1,-1
WELD 296A   ,43,68,3,1,-1,-1
WELD 296S   ,115,140,1,1,-1,-1
WELD 296S   ,115,140,3,1,-1,-1
WELD 296T   ,115,140,2,1,-1,-1
WELD 296T   ,115,140,4,1,-1,-1
